{"stats":{"minecraft:custom":{"minecraft:interact_with_furnace":6,"minecraft:mob_kills":5,"minecraft:interact_with_crafting_table":14,"minecraft:leave_game":3,"minecraft:time_since_death":42529,"minecraft:time_since_rest":42555,"minecraft:sprint_one_cm":71052,"minecraft:damage_taken":847,"minecraft:walk_one_cm":66640,"minecraft:drop":14,"minecraft:damage_dealt":854,"minecraft:swim_one_cm":41651,"minecraft:fly_one_cm":160306,"minecraft:open_chest":16,"minecraft:crouch_one_cm":1769,"minecraft:play_time":51211,"minecraft:deaths":1,"minecraft:sneak_time":788,"minecraft:walk_under_water_one_cm":15729,"minecraft:boat_one_cm":387360,"minecraft:jump":754,"minecraft:walk_on_water_one_cm":8942,"minecraft:total_world_time":51211,"minecraft:fall_one_cm":13378},"minecraft:mined":{"minecraft:powder_snow":3,"minecraft:crafting_table":5,"minecraft:torch":4,"minecraft:short_grass":2,"minecraft:grass_block":1,"minecraft:tall_grass":1,"minecraft:copper_ore":1,"minecraft:cobblestone":1,"minecraft:spruce_leaves":2,"minecraft:wall_torch":7,"minecraft:furnace":1,"minecraft:iron_ore":3,"minecraft:sweet_berry_bush":1,"minecraft:spruce_log":10,"minecraft:coal_ore":35,"minecraft:dirt":2,"minecraft:sand":3,"minecraft:stone":25,"minecraft:oak_leaves":1},"minecraft:picked_up":{"minecraft:crafting_table":5,"minecraft:feather":2,"minecraft:leather":1,"minecraft:filled_map":2,"minecraft:string":2,"minecraft:dirt":3,"minecraft:raw_copper":4,"minecraft:cooked_mutton":6,"minecraft:beef":2,"minecraft:cooked_chicken":2,"minecraft:furnace":1,"minecraft:raw_iron":3,"minecraft:sweet_berries":20,"minecraft:torch":15,"minecraft:sand":3,"minecraft:spruce_sapling":1,"minecraft:spruce_log":10,"minecraft:rotten_flesh":5,"minecraft:spruce_boat":9,"minecraft:black_wool":1,"minecraft:coal":35,"minecraft:white_wool":1,"minecraft:cobblestone":26},"minecraft:killed":{"minecraft:spider":3,"minecraft:zombie":1,"minecraft:cow":1},"minecraft:dropped":{"minecraft:cooked_chicken":2,"minecraft:raw_copper":4,"minecraft:filled_map":5,"minecraft:dirt":1,"minecraft:spruce_boat":1,"minecraft:torch":4,"minecraft:leather_leggings":1,"minecraft:white_wool":1},"minecraft:crafted":{"minecraft:cooked_beef":2,"minecraft:cherry_planks":20,"minecraft:crafting_table":2,"minecraft:spruce_planks":40,"minecraft:wooden_pickaxe":1,"minecraft:furnace":1,"minecraft:bucket":2,"minecraft:air":0,"minecraft:shield":1,"minecraft:stick":12,"minecraft:iron_ingot":8,"minecraft:stone_pickaxe":1,"minecraft:wooden_axe":1,"minecraft:spruce_boat":3,"minecraft:torch":4},"minecraft:killed_by":{"minecraft:skeleton":1},"minecraft:used":{"minecraft:water_bucket":15,"minecraft:stone_pickaxe":63,"minecraft:wooden_pickaxe":3,"minecraft:cooked_salmon":2,"minecraft:torch":11,"minecraft:dirt":2,"minecraft:crafting_table":6,"minecraft:spruce_boat":9,"minecraft:wooden_axe":20,"minecraft:lava_bucket":18,"minecraft:cobblestone":3,"minecraft:sweet_berries":20,"minecraft:furnace":1,"minecraft:cooked_cod":4,"minecraft:bucket":35,"minecraft:cooked_beef":2,"minecraft:experience_bottle":1}},"DataVersion":3953}