{"stats":{"minecraft:killed_by":{"minecraft:skeleton":1,"minecraft:zombie":1},"minecraft:broken":{"minecraft:leather_helmet":1,"minecraft:wooden_pickaxe":2,"minecraft:stone_pickaxe":1,"minecraft:wooden_axe":1},"minecraft:crafted":{"minecraft:cherry_planks":44,"minecraft:oak_planks":20,"minecraft:stone_shovel":1,"minecraft:furnace":1,"minecraft:stone":61,"minecraft:bookshelf":2,"minecraft:bow":1,"minecraft:iron_boots":1,"minecraft:stone_pickaxe":1,"minecraft:chest":4,"minecraft:spruce_boat":4,"minecraft:cooked_beef":2,"minecraft:red_dye":1,"minecraft:crafting_table":4,"minecraft:spruce_planks":52,"minecraft:enchanting_table":1,"minecraft:iron_helmet":1,"minecraft:wooden_pickaxe":1,"minecraft:iron_sword":1,"minecraft:bucket":2,"minecraft:stone_axe":1,"minecraft:orange_dye":2,"minecraft:air":0,"minecraft:oak_fence_gate":4,"minecraft:oak_boat":1,"minecraft:iron_chestplate":1,"minecraft:diamond_pickaxe":1,"minecraft:yellow_dye":1,"minecraft:shield":1,"minecraft:stick":36,"minecraft:iron_ingot":11,"minecraft:wooden_axe":1,"minecraft:iron_leggings":1,"minecraft:torch":4},"minecraft:used":{"minecraft:enchanting_table":1,"minecraft:stone_shovel":24,"minecraft:chest":6,"minecraft:stone":48,"minecraft:iron_sword":109,"minecraft:cooked_salmon":3,"minecraft:torch":17,"minecraft:dirt":131,"minecraft:oak_fence_gate":4,"minecraft:spruce_boat":20,"minecraft:wooden_axe":32,"minecraft:lava_bucket":58,"minecraft:bookshelf":2,"minecraft:iron_boots":1,"minecraft:basalt":1,"minecraft:bow":5,"minecraft:sweet_berries":20,"minecraft:furnace":1,"minecraft:cooked_cod":4,"minecraft:egg":1,"minecraft:cooked_beef":10,"minecraft:cooked_mutton":6,"minecraft:water_bucket":79,"minecraft:leather_leggings":1,"minecraft:stone_pickaxe":131,"minecraft:wooden_pickaxe":95,"minecraft:leather_chestplate":1,"minecraft:sugar_cane":13,"minecraft:crafting_table":9,"minecraft:diamond_pickaxe":37,"minecraft:bread":3,"minecraft:leather_helmet":1,"minecraft:stone_axe":6,"minecraft:cobblestone":115,"minecraft:cooked_porkchop":17,"minecraft:bucket":139,"minecraft:yellow_bed":1,"minecraft:oak_boat":2,"minecraft:kelp":2,"minecraft:experience_bottle":1},"minecraft:picked_up":{"minecraft:wooden_axe":2,"minecraft:crafting_table":10,"minecraft:wheat":1,"minecraft:ominous_bottle":1,"minecraft:leather_leggings":2,"minecraft:lead":2,"minecraft:wooden_pickaxe":3,"minecraft:pink_wool":1,"minecraft:potion":1,"minecraft:brewing_stand":1,"minecraft:oak_trapdoor":1,"minecraft:string":9,"minecraft:raw_copper":12,"minecraft:cooked_salmon":1,"minecraft:flint_and_steel":1,"minecraft:glass_pane":2,"minecraft:gold_nugget":19,"minecraft:spruce_planks":8,"minecraft:beef":2,"minecraft:white_tulip":6,"minecraft:oak_boat":2,"minecraft:calcite":192,"minecraft:iron_nugget":18,"minecraft:poppy":1,"minecraft:melon_slice":6,"minecraft:sugar_cane":13,"minecraft:chest":5,"minecraft:furnace":4,"minecraft:egg":2,"minecraft:stick":6,"minecraft:raw_iron":7,"minecraft:orange_dye":1,"minecraft:stone":27,"minecraft:oak_door":2,"minecraft:oak_fence":1,"minecraft:torch":29,"minecraft:acacia_log":6,"minecraft:cherry_log":40,"minecraft:carrot":1,"minecraft:prismarine_crystals":11,"minecraft:tnt":3,"minecraft:arrow":13,"minecraft:stone_shovel":2,"minecraft:rotten_flesh":24,"minecraft:mutton":2,"minecraft:white_wool":17,"minecraft:cobblestone":330,"minecraft:stripped_oak_log":1,"minecraft:pink_petals":5,"minecraft:leather_chestplate":2,"minecraft:cooked_beef":14,"minecraft:feather":18,"minecraft:basalt":1,"minecraft:magma_cream":3,"minecraft:cherry_planks":18,"minecraft:water_bucket":3,"minecraft:leather":17,"minecraft:potato":10,"minecraft:filled_map":3,"minecraft:flint":8,"minecraft:yellow_bed":1,"minecraft:oak_log":5,"minecraft:lily_pad":18,"minecraft:cherry_fence":3,"minecraft:gunpowder":12,"minecraft:paper":65,"minecraft:cherry_door":3,"minecraft:map":1,"minecraft:dirt":79,"minecraft:cooked_mutton":19,"minecraft:glass":64,"minecraft:bone":6,"minecraft:apple":1,"minecraft:stone_bricks":8,"minecraft:kelp":2,"minecraft:wheat_seeds":6,"minecraft:stone_pickaxe":2,"minecraft:cooked_chicken":2,"minecraft:iron_sword":2,"minecraft:oak_planks":2,"minecraft:book":3,"minecraft:cooked_porkchop":33,"minecraft:pumpkin":3,"minecraft:sweet_berries":20,"minecraft:dandelion":3,"minecraft:gravel":12,"minecraft:lava_bucket":3,"minecraft:sand":16,"minecraft:spruce_sapling":5,"minecraft:spruce_log":13,"minecraft:grass_block":3,"minecraft:spider_eye":2,"minecraft:leather_helmet":2,"minecraft:iron_hoe":1,"minecraft:spruce_boat":22,"minecraft:cherry_sapling":4,"minecraft:emerald":5,"minecraft:bread":3,"minecraft:oak_sapling":10,"minecraft:black_wool":4,"minecraft:coal":35,"minecraft:diamond_pickaxe":1},"minecraft:mined":{"minecraft:grass_block":33,"minecraft:spruce_leaves":2,"minecraft:furnace":1,"minecraft:iron_ore":5,"minecraft:bookshelf":1,"minecraft:stone":197,"minecraft:kelp_plant":1,"minecraft:dandelion":1,"minecraft:powder_snow":3,"minecraft:crafting_table":6,"minecraft:torch":5,"minecraft:short_grass":15,"minecraft:poppy":1,"minecraft:chest":5,"minecraft:copper_ore":1,"minecraft:tall_grass":1,"minecraft:cobblestone":24,"minecraft:sugar_cane":8,"minecraft:wall_torch":9,"minecraft:coarse_dirt":2,"minecraft:sweet_berry_bush":1,"minecraft:spruce_log":13,"minecraft:oak_log":5,"minecraft:coal_ore":35,"minecraft:sand":3,"minecraft:gravel":6,"minecraft:dirt":27,"minecraft:oak_leaves":5},"minecraft:custom":{"minecraft:mob_kills":77,"minecraft:interact_with_crafting_table":35,"minecraft:leave_game":9,"minecraft:time_since_death":113128,"minecraft:sprint_one_cm":540258,"minecraft:walk_one_cm":379424,"minecraft:drop":44,"minecraft:talked_to_villager":2,"minecraft:play_time":252161,"minecraft:sneak_time":3384,"minecraft:deaths":3,"minecraft:walk_under_water_one_cm":63608,"minecraft:boat_one_cm":769388,"minecraft:jump":3872,"minecraft:walk_on_water_one_cm":43439,"minecraft:total_world_time":252161,"minecraft:interact_with_furnace":28,"minecraft:sleep_in_bed":9,"minecraft:time_since_rest":9325,"minecraft:damage_taken":3248,"minecraft:damage_dealt":6730,"minecraft:swim_one_cm":145866,"minecraft:fly_one_cm":792234,"minecraft:player_kills":7,"minecraft:open_chest":109,"minecraft:crouch_one_cm":12976,"minecraft:fall_one_cm":76451,"minecraft:horse_one_cm":639},"minecraft:dropped":{"minecraft:water_bucket":1,"minecraft:iron_sword":1,"minecraft:wheat_seeds":1,"minecraft:cooked_beef":5,"minecraft:crafting_table":1,"minecraft:cooked_porkchop":1,"minecraft:leather":4,"minecraft:stick":1,"minecraft:lava_bucket":1,"minecraft:dirt":1,"minecraft:torch":8,"minecraft:mutton":2,"minecraft:wooden_axe":1,"minecraft:cherry_planks":4,"minecraft:gold_nugget":6,"minecraft:string":2,"minecraft:white_wool":4,"minecraft:bone":2,"minecraft:furnace":1,"minecraft:iron_nugget":6,"minecraft:cooked_chicken":2,"minecraft:wheat":1,"minecraft:raw_copper":4,"minecraft:raw_iron":2,"minecraft:stone_shovel":1,"minecraft:oak_planks":2,"minecraft:filled_map":5,"minecraft:spruce_boat":1,"minecraft:gunpowder":2,"minecraft:spruce_planks":3,"minecraft:leather_leggings":1,"minecraft:arrow":1,"minecraft:stone_pickaxe":1,"minecraft:black_wool":1,"minecraft:egg":1},"minecraft:killed":{"minecraft:spider":4,"minecraft:skeleton":7,"minecraft:drowned":1,"minecraft:magma_cube":33,"minecraft:pig":4,"minecraft:wandering_trader":1,"minecraft:creeper":1,"minecraft:sheep":3,"minecraft:zombie":11,"minecraft:enderman":1,"minecraft:cow":4}},"DataVersion":3953}