{"stats":{"minecraft:dropped":{"minecraft:water_bucket":1,"minecraft:wheat_seeds":1,"minecraft:cooked_beef":5,"minecraft:crafting_table":1,"minecraft:leather":4,"minecraft:stick":1,"minecraft:lava_bucket":1,"minecraft:dirt":1,"minecraft:torch":8,"minecraft:mutton":2,"minecraft:wooden_axe":1,"minecraft:cherry_planks":4,"minecraft:gold_nugget":6,"minecraft:string":2,"minecraft:white_wool":4,"minecraft:bone":2,"minecraft:furnace":1,"minecraft:iron_nugget":6,"minecraft:cooked_chicken":2,"minecraft:raw_copper":4,"minecraft:raw_iron":2,"minecraft:stone_shovel":1,"minecraft:oak_planks":2,"minecraft:filled_map":5,"minecraft:spruce_boat":1,"minecraft:gunpowder":2,"minecraft:spruce_planks":3,"minecraft:leather_leggings":1,"minecraft:arrow":1,"minecraft:stone_pickaxe":1,"minecraft:black_wool":1,"minecraft:egg":1},"minecraft:picked_up":{"minecraft:wooden_axe":2,"minecraft:crafting_table":8,"minecraft:leather_leggings":1,"minecraft:wooden_pickaxe":2,"minecraft:string":6,"minecraft:raw_copper":4,"minecraft:cooked_salmon":1,"minecraft:gold_nugget":13,"minecraft:spruce_planks":6,"minecraft:beef":2,"minecraft:iron_nugget":12,"minecraft:poppy":1,"minecraft:sugar_cane":9,"minecraft:furnace":3,"minecraft:egg":2,"minecraft:raw_iron":7,"minecraft:stick":4,"minecraft:torch":27,"minecraft:carrot":1,"minecraft:arrow":4,"minecraft:rotten_flesh":11,"minecraft:stone_shovel":1,"minecraft:mutton":2,"minecraft:white_wool":8,"minecraft:cobblestone":218,"minecraft:leather_chestplate":1,"minecraft:feather":6,"minecraft:cooked_beef":14,"minecraft:cherry_planks":16,"minecraft:water_bucket":2,"minecraft:leather":11,"minecraft:potato":9,"minecraft:filled_map":3,"minecraft:flint":1,"minecraft:gunpowder":6,"minecraft:map":1,"minecraft:dirt":37,"minecraft:paper":23,"minecraft:cooked_mutton":11,"minecraft:bone":6,"minecraft:kelp":2,"minecraft:wheat_seeds":3,"minecraft:stone_pickaxe":2,"minecraft:cooked_chicken":2,"minecraft:oak_planks":2,"minecraft:book":3,"minecraft:cooked_porkchop":9,"minecraft:sweet_berries":20,"minecraft:dandelion":1,"minecraft:gravel":6,"minecraft:lava_bucket":2,"minecraft:sand":3,"minecraft:spruce_sapling":1,"minecraft:spruce_log":13,"minecraft:spider_eye":1,"minecraft:leather_helmet":2,"minecraft:spruce_boat":20,"minecraft:bread":3,"minecraft:emerald":5,"minecraft:oak_sapling":7,"minecraft:black_wool":3,"minecraft:coal":35},"minecraft:killed":{"minecraft:spider":4,"minecraft:skeleton":2,"minecraft:pig":2,"minecraft:creeper":1,"minecraft:zombie":7,"minecraft:cow":4},"minecraft:broken":{"minecraft:leather_helmet":1,"minecraft:wooden_pickaxe":2,"minecraft:stone_pickaxe":1,"minecraft:wooden_axe":1},"minecraft:custom":{"minecraft:mob_kills":23,"minecraft:interact_with_crafting_table":26,"minecraft:leave_game":6,"minecraft:time_since_death":85010,"minecraft:sprint_one_cm":307244,"minecraft:walk_one_cm":230148,"minecraft:drop":41,"minecraft:play_time":138852,"minecraft:deaths":2,"minecraft:sneak_time":1833,"minecraft:walk_under_water_one_cm":58703,"minecraft:boat_one_cm":759024,"minecraft:jump":2140,"minecraft:walk_on_water_one_cm":37472,"minecraft:total_world_time":138852,"minecraft:interact_with_furnace":25,"minecraft:sleep_in_bed":3,"minecraft:time_since_rest":17973,"minecraft:damage_taken":2382,"minecraft:damage_dealt":3087,"minecraft:swim_one_cm":105686,"minecraft:fly_one_cm":452996,"minecraft:player_kills":6,"minecraft:open_chest":66,"minecraft:crouch_one_cm":5039,"minecraft:fall_one_cm":37762},"minecraft:killed_by":{"minecraft:skeleton":1},"minecraft:crafted":{"minecraft:cherry_planks":28,"minecraft:stone_shovel":1,"minecraft:furnace":1,"minecraft:stone":48,"minecraft:bookshelf":2,"minecraft:stone_pickaxe":1,"minecraft:chest":1,"minecraft:spruce_boat":4,"minecraft:cooked_beef":2,"minecraft:red_dye":1,"minecraft:crafting_table":3,"minecraft:spruce_planks":52,"minecraft:enchanting_table":1,"minecraft:wooden_pickaxe":1,"minecraft:iron_sword":1,"minecraft:bucket":2,"minecraft:orange_dye":2,"minecraft:air":0,"minecraft:oak_fence_gate":4,"minecraft:yellow_dye":1,"minecraft:diamond_pickaxe":1,"minecraft:shield":1,"minecraft:stick":32,"minecraft:iron_ingot":8,"minecraft:wooden_axe":1,"minecraft:torch":4},"minecraft:used":{"minecraft:enchanting_table":1,"minecraft:stone_shovel":1,"minecraft:chest":1,"minecraft:stone":48,"minecraft:iron_sword":25,"minecraft:cooked_salmon":3,"minecraft:torch":17,"minecraft:dirt":63,"minecraft:oak_fence_gate":4,"minecraft:spruce_boat":20,"minecraft:wooden_axe":32,"minecraft:lava_bucket":42,"minecraft:bookshelf":2,"minecraft:sweet_berries":20,"minecraft:furnace":1,"minecraft:cooked_cod":4,"minecraft:egg":1,"minecraft:cooked_beef":10,"minecraft:cooked_mutton":5,"minecraft:water_bucket":78,"minecraft:leather_leggings":1,"minecraft:stone_pickaxe":131,"minecraft:wooden_pickaxe":95,"minecraft:leather_chestplate":1,"minecraft:sugar_cane":9,"minecraft:crafting_table":7,"minecraft:diamond_pickaxe":19,"minecraft:bread":3,"minecraft:leather_helmet":1,"minecraft:cobblestone":15,"minecraft:cooked_porkchop":3,"minecraft:bucket":122,"minecraft:kelp":2,"minecraft:experience_bottle":1},"minecraft:mined":{"minecraft:grass_block":18,"minecraft:spruce_leaves":2,"minecraft:furnace":1,"minecraft:iron_ore":5,"minecraft:bookshelf":1,"minecraft:stone":195,"minecraft:kelp_plant":1,"minecraft:dandelion":1,"minecraft:powder_snow":3,"minecraft:torch":5,"minecraft:crafting_table":5,"minecraft:short_grass":10,"minecraft:poppy":1,"minecraft:cobblestone":8,"minecraft:copper_ore":1,"minecraft:tall_grass":1,"minecraft:sugar_cane":4,"minecraft:wall_torch":9,"minecraft:sweet_berry_bush":1,"minecraft:spruce_log":13,"minecraft:coal_ore":35,"minecraft:sand":3,"minecraft:gravel":6,"minecraft:dirt":19,"minecraft:oak_leaves":5}},"DataVersion":3953}