{"stats":{"minecraft:custom":{"minecraft:interact_with_furnace":6,"minecraft:mob_kills":5,"minecraft:interact_with_crafting_table":12,"minecraft:leave_game":1,"minecraft:time_since_death":31633,"minecraft:time_since_rest":31659,"minecraft:sprint_one_cm":69561,"minecraft:damage_taken":847,"minecraft:walk_one_cm":60216,"minecraft:drop":11,"minecraft:damage_dealt":854,"minecraft:swim_one_cm":41651,"minecraft:fly_one_cm":158314,"minecraft:open_chest":9,"minecraft:crouch_one_cm":1350,"minecraft:play_time":40315,"minecraft:deaths":1,"minecraft:sneak_time":619,"minecraft:walk_under_water_one_cm":14300,"minecraft:boat_one_cm":387360,"minecraft:jump":717,"minecraft:walk_on_water_one_cm":8870,"minecraft:total_world_time":40315,"minecraft:fall_one_cm":12693},"minecraft:mined":{"minecraft:powder_snow":3,"minecraft:crafting_table":5,"minecraft:torch":4,"minecraft:short_grass":2,"minecraft:grass_block":1,"minecraft:tall_grass":1,"minecraft:copper_ore":1,"minecraft:cobblestone":1,"minecraft:spruce_leaves":2,"minecraft:wall_torch":7,"minecraft:furnace":1,"minecraft:iron_ore":3,"minecraft:sweet_berry_bush":1,"minecraft:spruce_log":10,"minecraft:coal_ore":35,"minecraft:dirt":2,"minecraft:sand":3,"minecraft:stone":25},"minecraft:picked_up":{"minecraft:crafting_table":5,"minecraft:feather":2,"minecraft:leather":1,"minecraft:filled_map":1,"minecraft:string":2,"minecraft:dirt":3,"minecraft:raw_copper":4,"minecraft:cooked_mutton":6,"minecraft:beef":2,"minecraft:cooked_chicken":2,"minecraft:furnace":1,"minecraft:raw_iron":3,"minecraft:sweet_berries":20,"minecraft:torch":15,"minecraft:sand":3,"minecraft:spruce_sapling":1,"minecraft:spruce_log":10,"minecraft:rotten_flesh":5,"minecraft:spruce_boat":9,"minecraft:black_wool":1,"minecraft:coal":35,"minecraft:white_wool":1,"minecraft:cobblestone":26},"minecraft:killed":{"minecraft:spider":3,"minecraft:zombie":1,"minecraft:cow":1},"minecraft:dropped":{"minecraft:raw_copper":4,"minecraft:filled_map":4,"minecraft:dirt":1,"minecraft:spruce_boat":1,"minecraft:torch":4,"minecraft:leather_leggings":1,"minecraft:white_wool":1},"minecraft:crafted":{"minecraft:cooked_beef":2,"minecraft:crafting_table":2,"minecraft:spruce_planks":40,"minecraft:wooden_pickaxe":1,"minecraft:furnace":1,"minecraft:bucket":2,"minecraft:air":0,"minecraft:stick":12,"minecraft:iron_ingot":3,"minecraft:stone_pickaxe":1,"minecraft:wooden_axe":1,"minecraft:spruce_boat":3,"minecraft:torch":4},"minecraft:killed_by":{"minecraft:skeleton":1},"minecraft:used":{"minecraft:water_bucket":12,"minecraft:stone_pickaxe":63,"minecraft:wooden_pickaxe":3,"minecraft:cooked_salmon":2,"minecraft:torch":11,"minecraft:dirt":2,"minecraft:crafting_table":6,"minecraft:spruce_boat":9,"minecraft:wooden_axe":20,"minecraft:lava_bucket":17,"minecraft:cobblestone":3,"minecraft:sweet_berries":20,"minecraft:furnace":1,"minecraft:cooked_cod":4,"minecraft:bucket":31,"minecraft:cooked_beef":2}},"DataVersion":3953}