{"stats":{"minecraft:custom":{"minecraft:time_since_rest":7671,"minecraft:sprint_one_cm":36608,"minecraft:damage_taken":275,"minecraft:walk_one_cm":22546,"minecraft:mob_kills":1,"minecraft:drop":4,"minecraft:damage_dealt":118,"minecraft:interact_with_crafting_table":8,"minecraft:swim_one_cm":8949,"minecraft:fly_one_cm":86778,"minecraft:open_chest":2,"minecraft:crouch_one_cm":477,"minecraft:play_time":16327,"minecraft:deaths":1,"minecraft:sneak_time":211,"minecraft:walk_under_water_one_cm":2617,"minecraft:boat_one_cm":164577,"minecraft:jump":329,"minecraft:time_since_death":7645,"minecraft:walk_on_water_one_cm":3225,"minecraft:total_world_time":16327,"minecraft:fall_one_cm":6563},"minecraft:mined":{"minecraft:iron_ore":2,"minecraft:sweet_berry_bush":1,"minecraft:spruce_log":10,"minecraft:powder_snow":3,"minecraft:crafting_table":3,"minecraft:coal_ore":35,"minecraft:dirt":2,"minecraft:copper_ore":1,"minecraft:spruce_leaves":2,"minecraft:stone":5},"minecraft:picked_up":{"minecraft:raw_iron":2,"minecraft:crafting_table":3,"minecraft:sweet_berries":20,"minecraft:leather":1,"minecraft:filled_map":1,"minecraft:spruce_sapling":1,"minecraft:spruce_log":10,"minecraft:dirt":2,"minecraft:raw_copper":4,"minecraft:spruce_boat":7,"minecraft:beef":2,"minecraft:coal":35,"minecraft:cobblestone":5},"minecraft:killed":{"minecraft:cow":1},"minecraft:dropped":{"minecraft:filled_map":2,"minecraft:spruce_boat":1,"minecraft:raw_copper":4},"minecraft:crafted":{"minecraft:crafting_table":2,"minecraft:spruce_planks":40,"minecraft:stick":12,"minecraft:wooden_pickaxe":1,"minecraft:stone_pickaxe":1,"minecraft:wooden_axe":1,"minecraft:spruce_boat":3,"minecraft:torch":4},"minecraft:killed_by":{"minecraft:skeleton":1},"minecraft:used":{"minecraft:spruce_boat":7,"minecraft:wooden_axe":3,"minecraft:stone_pickaxe":40,"minecraft:wooden_pickaxe":3,"minecraft:dirt":1,"minecraft:crafting_table":4,"minecraft:sweet_berries":9}},"DataVersion":3953}