{"stats":{"minecraft:dropped":{"minecraft:water_bucket":1,"minecraft:wheat_seeds":1,"minecraft:cooked_beef":5,"minecraft:crafting_table":1,"minecraft:leather":4,"minecraft:stick":1,"minecraft:lava_bucket":1,"minecraft:dirt":1,"minecraft:torch":8,"minecraft:wooden_axe":1,"minecraft:cherry_planks":4,"minecraft:gold_nugget":6,"minecraft:string":2,"minecraft:white_wool":4,"minecraft:bone":2,"minecraft:furnace":1,"minecraft:iron_nugget":6,"minecraft:cooked_chicken":2,"minecraft:raw_copper":4,"minecraft:raw_iron":2,"minecraft:stone_shovel":1,"minecraft:oak_planks":2,"minecraft:filled_map":5,"minecraft:spruce_boat":1,"minecraft:gunpowder":2,"minecraft:spruce_planks":3,"minecraft:leather_leggings":1,"minecraft:arrow":1,"minecraft:stone_pickaxe":1,"minecraft:black_wool":1,"minecraft:egg":1},"minecraft:picked_up":{"minecraft:wooden_axe":2,"minecraft:crafting_table":8,"minecraft:leather_leggings":1,"minecraft:wooden_pickaxe":2,"minecraft:string":6,"minecraft:raw_copper":4,"minecraft:cooked_salmon":1,"minecraft:gold_nugget":13,"minecraft:spruce_planks":6,"minecraft:beef":2,"minecraft:iron_nugget":12,"minecraft:sugar_cane":8,"minecraft:furnace":3,"minecraft:egg":2,"minecraft:raw_iron":7,"minecraft:stick":4,"minecraft:torch":26,"minecraft:carrot":1,"minecraft:arrow":3,"minecraft:rotten_flesh":11,"minecraft:stone_shovel":1,"minecraft:white_wool":7,"minecraft:cobblestone":218,"minecraft:leather_chestplate":1,"minecraft:feather":6,"minecraft:cooked_beef":12,"minecraft:cherry_planks":16,"minecraft:water_bucket":2,"minecraft:leather":9,"minecraft:potato":9,"minecraft:filled_map":3,"minecraft:flint":1,"minecraft:gunpowder":6,"minecraft:map":1,"minecraft:dirt":37,"minecraft:paper":23,"minecraft:cooked_mutton":11,"minecraft:bone":4,"minecraft:kelp":2,"minecraft:wheat_seeds":2,"minecraft:stone_pickaxe":2,"minecraft:cooked_chicken":2,"minecraft:oak_planks":2,"minecraft:sweet_berries":20,"minecraft:gravel":6,"minecraft:lava_bucket":2,"minecraft:sand":3,"minecraft:spruce_sapling":1,"minecraft:spruce_log":13,"minecraft:leather_helmet":2,"minecraft:spruce_boat":20,"minecraft:bread":3,"minecraft:emerald":5,"minecraft:oak_sapling":4,"minecraft:black_wool":3,"minecraft:coal":35},"minecraft:killed":{"minecraft:spider":3,"minecraft:skeleton":2,"minecraft:creeper":1,"minecraft:zombie":7,"minecraft:cow":3},"minecraft:broken":{"minecraft:wooden_pickaxe":2,"minecraft:stone_pickaxe":1,"minecraft:wooden_axe":1},"minecraft:custom":{"minecraft:mob_kills":16,"minecraft:interact_with_crafting_table":24,"minecraft:leave_game":5,"minecraft:time_since_death":72219,"minecraft:sprint_one_cm":241279,"minecraft:walk_one_cm":173006,"minecraft:drop":39,"minecraft:play_time":126061,"minecraft:deaths":2,"minecraft:sneak_time":1807,"minecraft:walk_under_water_one_cm":58200,"minecraft:boat_one_cm":759024,"minecraft:jump":1864,"minecraft:walk_on_water_one_cm":33498,"minecraft:total_world_time":126061,"minecraft:interact_with_furnace":24,"minecraft:sleep_in_bed":3,"minecraft:time_since_rest":5182,"minecraft:damage_taken":2013,"minecraft:damage_dealt":2686,"minecraft:swim_one_cm":104641,"minecraft:fly_one_cm":397516,"minecraft:player_kills":1,"minecraft:open_chest":56,"minecraft:crouch_one_cm":5024,"minecraft:fall_one_cm":35612},"minecraft:killed_by":{"minecraft:skeleton":1},"minecraft:crafted":{"minecraft:cherry_planks":20,"minecraft:stone_shovel":1,"minecraft:furnace":1,"minecraft:stone":48,"minecraft:stone_pickaxe":1,"minecraft:chest":1,"minecraft:spruce_boat":4,"minecraft:cooked_beef":2,"minecraft:crafting_table":3,"minecraft:spruce_planks":52,"minecraft:enchanting_table":1,"minecraft:wooden_pickaxe":1,"minecraft:iron_sword":1,"minecraft:bucket":2,"minecraft:air":0,"minecraft:oak_fence_gate":4,"minecraft:diamond_pickaxe":1,"minecraft:shield":1,"minecraft:stick":32,"minecraft:iron_ingot":8,"minecraft:wooden_axe":1,"minecraft:torch":4},"minecraft:used":{"minecraft:enchanting_table":1,"minecraft:stone_shovel":1,"minecraft:chest":1,"minecraft:stone":48,"minecraft:iron_sword":21,"minecraft:cooked_salmon":3,"minecraft:torch":16,"minecraft:dirt":63,"minecraft:oak_fence_gate":4,"minecraft:spruce_boat":20,"minecraft:wooden_axe":32,"minecraft:lava_bucket":33,"minecraft:sweet_berries":20,"minecraft:furnace":1,"minecraft:cooked_cod":4,"minecraft:egg":1,"minecraft:cooked_beef":9,"minecraft:cooked_mutton":5,"minecraft:water_bucket":75,"minecraft:leather_leggings":1,"minecraft:stone_pickaxe":131,"minecraft:wooden_pickaxe":95,"minecraft:leather_chestplate":1,"minecraft:sugar_cane":8,"minecraft:crafting_table":7,"minecraft:diamond_pickaxe":19,"minecraft:bread":3,"minecraft:leather_helmet":1,"minecraft:cobblestone":15,"minecraft:bucket":110,"minecraft:kelp":2,"minecraft:experience_bottle":1},"minecraft:mined":{"minecraft:grass_block":18,"minecraft:spruce_leaves":2,"minecraft:furnace":1,"minecraft:iron_ore":5,"minecraft:stone":195,"minecraft:kelp_plant":1,"minecraft:powder_snow":3,"minecraft:torch":5,"minecraft:crafting_table":5,"minecraft:short_grass":6,"minecraft:cobblestone":8,"minecraft:copper_ore":1,"minecraft:tall_grass":1,"minecraft:sugar_cane":3,"minecraft:wall_torch":9,"minecraft:sweet_berry_bush":1,"minecraft:spruce_log":13,"minecraft:coal_ore":35,"minecraft:sand":3,"minecraft:gravel":6,"minecraft:dirt":19,"minecraft:oak_leaves":3}},"DataVersion":3953}