{"stats":{"minecraft:dropped":{"minecraft:cooked_chicken":2,"minecraft:raw_copper":4,"minecraft:filled_map":5,"minecraft:dirt":1,"minecraft:spruce_boat":1,"minecraft:torch":4,"minecraft:leather_leggings":1,"minecraft:white_wool":1},"minecraft:picked_up":{"minecraft:wooden_axe":1,"minecraft:crafting_table":6,"minecraft:leather_chestplate":1,"minecraft:feather":2,"minecraft:cooked_beef":7,"minecraft:cherry_planks":12,"minecraft:water_bucket":1,"minecraft:leather_leggings":1,"minecraft:leather":5,"minecraft:wooden_pickaxe":2,"minecraft:filled_map":2,"minecraft:gunpowder":2,"minecraft:string":4,"minecraft:dirt":12,"minecraft:raw_copper":4,"minecraft:cooked_salmon":1,"minecraft:cooked_mutton":11,"minecraft:kelp":2,"minecraft:wheat_seeds":1,"minecraft:gold_nugget":6,"minecraft:stone_pickaxe":1,"minecraft:beef":2,"minecraft:cooked_chicken":2,"minecraft:iron_nugget":6,"minecraft:egg":1,"minecraft:furnace":2,"minecraft:stick":3,"minecraft:raw_iron":5,"minecraft:sweet_berries":20,"minecraft:torch":21,"minecraft:lava_bucket":1,"minecraft:sand":3,"minecraft:spruce_sapling":1,"minecraft:spruce_log":13,"minecraft:leather_helmet":1,"minecraft:rotten_flesh":5,"minecraft:spruce_boat":19,"minecraft:black_wool":2,"minecraft:coal":35,"minecraft:white_wool":4,"minecraft:cobblestone":67},"minecraft:killed":{"minecraft:spider":3,"minecraft:zombie":1,"minecraft:cow":3},"minecraft:custom":{"minecraft:interact_with_furnace":6,"minecraft:mob_kills":7,"minecraft:interact_with_crafting_table":16,"minecraft:leave_game":5,"minecraft:time_since_death":36219,"minecraft:time_since_rest":36244,"minecraft:sprint_one_cm":135743,"minecraft:damage_taken":1369,"minecraft:walk_one_cm":98122,"minecraft:drop":14,"minecraft:damage_dealt":963,"minecraft:swim_one_cm":66986,"minecraft:fly_one_cm":300394,"minecraft:open_chest":23,"minecraft:crouch_one_cm":2445,"minecraft:play_time":90061,"minecraft:deaths":2,"minecraft:sneak_time":1053,"minecraft:walk_under_water_one_cm":32589,"minecraft:boat_one_cm":759024,"minecraft:jump":1309,"minecraft:walk_on_water_one_cm":13635,"minecraft:total_world_time":90061,"minecraft:fall_one_cm":28623},"minecraft:killed_by":{"minecraft:skeleton":1},"minecraft:crafted":{"minecraft:cooked_beef":2,"minecraft:cherry_planks":20,"minecraft:stone_shovel":1,"minecraft:crafting_table":3,"minecraft:spruce_planks":52,"minecraft:wooden_pickaxe":1,"minecraft:furnace":1,"minecraft:bucket":2,"minecraft:air":0,"minecraft:shield":1,"minecraft:stick":12,"minecraft:iron_ingot":8,"minecraft:stone_pickaxe":1,"minecraft:wooden_axe":1,"minecraft:spruce_boat":4,"minecraft:torch":4},"minecraft:used":{"minecraft:cooked_mutton":4,"minecraft:water_bucket":17,"minecraft:leather_leggings":1,"minecraft:stone_shovel":1,"minecraft:stone_pickaxe":65,"minecraft:leather_chestplate":1,"minecraft:wooden_pickaxe":28,"minecraft:cooked_salmon":3,"minecraft:torch":13,"minecraft:dirt":10,"minecraft:crafting_table":7,"minecraft:spruce_boat":20,"minecraft:wooden_axe":21,"minecraft:lava_bucket":33,"minecraft:leather_helmet":1,"minecraft:cobblestone":4,"minecraft:sweet_berries":20,"minecraft:furnace":1,"minecraft:cooked_cod":4,"minecraft:bucket":52,"minecraft:cooked_beef":3,"minecraft:kelp":1,"minecraft:experience_bottle":1},"minecraft:mined":{"minecraft:kelp_plant":1,"minecraft:powder_snow":3,"minecraft:crafting_table":5,"minecraft:torch":4,"minecraft:short_grass":6,"minecraft:grass_block":4,"minecraft:tall_grass":1,"minecraft:copper_ore":1,"minecraft:cobblestone":5,"minecraft:spruce_leaves":2,"minecraft:wall_torch":9,"minecraft:furnace":1,"minecraft:iron_ore":5,"minecraft:sweet_berry_bush":1,"minecraft:spruce_log":13,"minecraft:coal_ore":35,"minecraft:dirt":8,"minecraft:sand":3,"minecraft:stone":46,"minecraft:oak_leaves":2}},"DataVersion":3953}