{"stats":{"minecraft:dropped":{"minecraft:cooked_chicken":2,"minecraft:raw_copper":4,"minecraft:filled_map":5,"minecraft:dirt":1,"minecraft:spruce_boat":1,"minecraft:torch":4,"minecraft:leather_leggings":1,"minecraft:white_wool":1},"minecraft:picked_up":{"minecraft:crafting_table":5,"minecraft:feather":2,"minecraft:leather":1,"minecraft:filled_map":2,"minecraft:string":2,"minecraft:dirt":3,"minecraft:raw_copper":4,"minecraft:cooked_mutton":6,"minecraft:beef":2,"minecraft:cooked_chicken":2,"minecraft:furnace":1,"minecraft:raw_iron":3,"minecraft:sweet_berries":20,"minecraft:torch":15,"minecraft:sand":3,"minecraft:spruce_sapling":1,"minecraft:spruce_log":13,"minecraft:rotten_flesh":5,"minecraft:spruce_boat":16,"minecraft:black_wool":1,"minecraft:coal":35,"minecraft:white_wool":1,"minecraft:cobblestone":26},"minecraft:killed":{"minecraft:spider":3,"minecraft:zombie":1,"minecraft:cow":1},"minecraft:custom":{"minecraft:interact_with_furnace":6,"minecraft:mob_kills":5,"minecraft:interact_with_crafting_table":15,"minecraft:leave_game":5,"minecraft:time_since_death":12219,"minecraft:time_since_rest":12244,"minecraft:sprint_one_cm":88914,"minecraft:damage_taken":1110,"minecraft:walk_one_cm":76673,"minecraft:drop":14,"minecraft:damage_dealt":864,"minecraft:swim_one_cm":43413,"minecraft:fly_one_cm":201288,"minecraft:open_chest":17,"minecraft:crouch_one_cm":2209,"minecraft:play_time":66061,"minecraft:deaths":2,"minecraft:sneak_time":966,"minecraft:walk_under_water_one_cm":29580,"minecraft:boat_one_cm":601420,"minecraft:jump":909,"minecraft:walk_on_water_one_cm":10367,"minecraft:total_world_time":66061,"minecraft:fall_one_cm":19112},"minecraft:killed_by":{"minecraft:skeleton":1},"minecraft:crafted":{"minecraft:cooked_beef":2,"minecraft:cherry_planks":20,"minecraft:crafting_table":3,"minecraft:spruce_planks":52,"minecraft:wooden_pickaxe":1,"minecraft:furnace":1,"minecraft:bucket":2,"minecraft:air":0,"minecraft:shield":1,"minecraft:stick":12,"minecraft:iron_ingot":8,"minecraft:stone_pickaxe":1,"minecraft:wooden_axe":1,"minecraft:spruce_boat":4,"minecraft:torch":4},"minecraft:used":{"minecraft:water_bucket":15,"minecraft:stone_pickaxe":63,"minecraft:wooden_pickaxe":3,"minecraft:cooked_salmon":2,"minecraft:torch":11,"minecraft:dirt":2,"minecraft:crafting_table":7,"minecraft:spruce_boat":16,"minecraft:wooden_axe":20,"minecraft:lava_bucket":18,"minecraft:cobblestone":3,"minecraft:sweet_berries":20,"minecraft:furnace":1,"minecraft:cooked_cod":4,"minecraft:bucket":35,"minecraft:cooked_beef":2,"minecraft:experience_bottle":1},"minecraft:mined":{"minecraft:powder_snow":3,"minecraft:crafting_table":5,"minecraft:torch":4,"minecraft:short_grass":2,"minecraft:grass_block":1,"minecraft:tall_grass":1,"minecraft:copper_ore":1,"minecraft:cobblestone":1,"minecraft:spruce_leaves":2,"minecraft:wall_torch":7,"minecraft:furnace":1,"minecraft:iron_ore":3,"minecraft:sweet_berry_bush":1,"minecraft:spruce_log":13,"minecraft:coal_ore":35,"minecraft:dirt":2,"minecraft:sand":3,"minecraft:stone":25,"minecraft:oak_leaves":2}},"DataVersion":3953}