{"stats":{"minecraft:killed_by":{"minecraft:skeleton":1,"minecraft:zombie":1},"minecraft:broken":{"minecraft:leather_helmet":1,"minecraft:wooden_pickaxe":2,"minecraft:stone_pickaxe":1,"minecraft:wooden_axe":1},"minecraft:crafted":{"minecraft:cherry_planks":28,"minecraft:oak_planks":20,"minecraft:stone_shovel":1,"minecraft:furnace":1,"minecraft:stone":61,"minecraft:bookshelf":2,"minecraft:bow":1,"minecraft:iron_boots":1,"minecraft:stone_pickaxe":1,"minecraft:chest":1,"minecraft:spruce_boat":4,"minecraft:cooked_beef":2,"minecraft:red_dye":1,"minecraft:crafting_table":3,"minecraft:enchanting_table":1,"minecraft:spruce_planks":52,"minecraft:iron_helmet":1,"minecraft:wooden_pickaxe":1,"minecraft:iron_sword":1,"minecraft:bucket":2,"minecraft:stone_axe":1,"minecraft:orange_dye":2,"minecraft:air":0,"minecraft:oak_fence_gate":4,"minecraft:oak_boat":1,"minecraft:iron_chestplate":1,"minecraft:yellow_dye":1,"minecraft:diamond_pickaxe":1,"minecraft:shield":1,"minecraft:stick":36,"minecraft:iron_ingot":11,"minecraft:wooden_axe":1,"minecraft:iron_leggings":1,"minecraft:torch":4},"minecraft:used":{"minecraft:enchanting_table":1,"minecraft:stone_shovel":24,"minecraft:chest":1,"minecraft:stone":48,"minecraft:iron_sword":65,"minecraft:cooked_salmon":3,"minecraft:torch":17,"minecraft:dirt":127,"minecraft:oak_fence_gate":4,"minecraft:spruce_boat":20,"minecraft:wooden_axe":32,"minecraft:lava_bucket":48,"minecraft:bookshelf":2,"minecraft:iron_boots":1,"minecraft:bow":5,"minecraft:sweet_berries":20,"minecraft:furnace":1,"minecraft:cooked_cod":4,"minecraft:egg":1,"minecraft:cooked_beef":10,"minecraft:cooked_mutton":5,"minecraft:water_bucket":79,"minecraft:leather_leggings":1,"minecraft:stone_pickaxe":131,"minecraft:wooden_pickaxe":95,"minecraft:leather_chestplate":1,"minecraft:sugar_cane":13,"minecraft:crafting_table":8,"minecraft:diamond_pickaxe":26,"minecraft:bread":3,"minecraft:leather_helmet":1,"minecraft:stone_axe":1,"minecraft:cobblestone":83,"minecraft:cooked_porkchop":10,"minecraft:bucket":129,"minecraft:oak_boat":1,"minecraft:kelp":2,"minecraft:experience_bottle":1},"minecraft:picked_up":{"minecraft:wooden_axe":2,"minecraft:crafting_table":10,"minecraft:leather_leggings":2,"minecraft:wooden_pickaxe":2,"minecraft:string":8,"minecraft:raw_copper":4,"minecraft:cooked_salmon":1,"minecraft:gold_nugget":19,"minecraft:spruce_planks":7,"minecraft:beef":2,"minecraft:oak_boat":1,"minecraft:iron_nugget":18,"minecraft:poppy":1,"minecraft:sugar_cane":13,"minecraft:furnace":4,"minecraft:egg":2,"minecraft:stick":6,"minecraft:raw_iron":7,"minecraft:orange_dye":1,"minecraft:stone":23,"minecraft:torch":29,"minecraft:carrot":1,"minecraft:arrow":13,"minecraft:rotten_flesh":18,"minecraft:stone_shovel":2,"minecraft:mutton":2,"minecraft:white_wool":13,"minecraft:cobblestone":319,"minecraft:pink_petals":5,"minecraft:leather_chestplate":2,"minecraft:feather":6,"minecraft:cooked_beef":14,"minecraft:cherry_planks":18,"minecraft:water_bucket":3,"minecraft:leather":17,"minecraft:potato":9,"minecraft:filled_map":3,"minecraft:flint":2,"minecraft:oak_log":5,"minecraft:gunpowder":10,"minecraft:paper":23,"minecraft:map":1,"minecraft:dirt":69,"minecraft:cooked_mutton":12,"minecraft:bone":6,"minecraft:kelp":2,"minecraft:wheat_seeds":6,"minecraft:stone_pickaxe":2,"minecraft:cooked_chicken":2,"minecraft:iron_sword":2,"minecraft:oak_planks":2,"minecraft:book":3,"minecraft:cooked_porkchop":18,"minecraft:sweet_berries":20,"minecraft:dandelion":3,"minecraft:gravel":12,"minecraft:lava_bucket":3,"minecraft:sand":3,"minecraft:spruce_sapling":1,"minecraft:grass_block":1,"minecraft:spruce_log":13,"minecraft:spider_eye":2,"minecraft:leather_helmet":2,"minecraft:spruce_boat":20,"minecraft:emerald":5,"minecraft:bread":3,"minecraft:oak_sapling":10,"minecraft:black_wool":4,"minecraft:coal":35,"minecraft:diamond_pickaxe":1},"minecraft:mined":{"minecraft:grass_block":31,"minecraft:spruce_leaves":2,"minecraft:furnace":1,"minecraft:iron_ore":5,"minecraft:bookshelf":1,"minecraft:stone":197,"minecraft:kelp_plant":1,"minecraft:dandelion":1,"minecraft:powder_snow":3,"minecraft:crafting_table":6,"minecraft:torch":5,"minecraft:short_grass":13,"minecraft:poppy":1,"minecraft:tall_grass":1,"minecraft:copper_ore":1,"minecraft:cobblestone":13,"minecraft:sugar_cane":8,"minecraft:wall_torch":9,"minecraft:coarse_dirt":2,"minecraft:sweet_berry_bush":1,"minecraft:spruce_log":13,"minecraft:oak_log":5,"minecraft:coal_ore":35,"minecraft:gravel":6,"minecraft:sand":3,"minecraft:dirt":25,"minecraft:oak_leaves":5},"minecraft:custom":{"minecraft:mob_kills":36,"minecraft:interact_with_crafting_table":33,"minecraft:leave_game":7,"minecraft:time_since_death":56372,"minecraft:sprint_one_cm":415447,"minecraft:walk_one_cm":310092,"minecraft:drop":42,"minecraft:talked_to_villager":1,"minecraft:play_time":195405,"minecraft:deaths":3,"minecraft:sneak_time":3015,"minecraft:walk_under_water_one_cm":62840,"minecraft:boat_one_cm":763514,"minecraft:jump":2881,"minecraft:walk_on_water_one_cm":42481,"minecraft:total_world_time":195405,"minecraft:interact_with_furnace":28,"minecraft:sleep_in_bed":7,"minecraft:time_since_rest":4370,"minecraft:damage_taken":2864,"minecraft:damage_dealt":5247,"minecraft:swim_one_cm":133562,"minecraft:fly_one_cm":597575,"minecraft:player_kills":7,"minecraft:open_chest":76,"minecraft:crouch_one_cm":11436,"minecraft:fall_one_cm":55142,"minecraft:horse_one_cm":639},"minecraft:dropped":{"minecraft:water_bucket":1,"minecraft:iron_sword":1,"minecraft:wheat_seeds":1,"minecraft:cooked_beef":5,"minecraft:crafting_table":1,"minecraft:leather":4,"minecraft:stick":1,"minecraft:lava_bucket":1,"minecraft:dirt":1,"minecraft:torch":8,"minecraft:mutton":2,"minecraft:wooden_axe":1,"minecraft:cherry_planks":4,"minecraft:gold_nugget":6,"minecraft:string":2,"minecraft:white_wool":4,"minecraft:bone":2,"minecraft:furnace":1,"minecraft:iron_nugget":6,"minecraft:cooked_chicken":2,"minecraft:raw_copper":4,"minecraft:raw_iron":2,"minecraft:stone_shovel":1,"minecraft:oak_planks":2,"minecraft:filled_map":5,"minecraft:spruce_boat":1,"minecraft:gunpowder":2,"minecraft:spruce_planks":3,"minecraft:leather_leggings":1,"minecraft:arrow":1,"minecraft:stone_pickaxe":1,"minecraft:black_wool":1,"minecraft:egg":1},"minecraft:killed":{"minecraft:spider":4,"minecraft:skeleton":7,"minecraft:drowned":1,"minecraft:pig":2,"minecraft:creeper":1,"minecraft:zombie":11,"minecraft:enderman":1,"minecraft:cow":4}},"DataVersion":3953}