{"stats":{"minecraft:dropped":{"minecraft:water_bucket":1,"minecraft:furnace":1,"minecraft:wheat_seeds":1,"minecraft:iron_nugget":6,"minecraft:cooked_beef":5,"minecraft:cooked_chicken":2,"minecraft:raw_copper":4,"minecraft:crafting_table":1,"minecraft:stone_shovel":1,"minecraft:raw_iron":2,"minecraft:oak_planks":2,"minecraft:leather":4,"minecraft:stick":1,"minecraft:lava_bucket":1,"minecraft:filled_map":5,"minecraft:dirt":1,"minecraft:spruce_boat":1,"minecraft:gunpowder":2,"minecraft:torch":8,"minecraft:spruce_planks":3,"minecraft:wooden_axe":1,"minecraft:cherry_planks":4,"minecraft:leather_leggings":1,"minecraft:gold_nugget":6,"minecraft:stone_pickaxe":1,"minecraft:arrow":1,"minecraft:string":2,"minecraft:white_wool":4,"minecraft:bone":2,"minecraft:black_wool":1,"minecraft:egg":1},"minecraft:picked_up":{"minecraft:wooden_axe":2,"minecraft:crafting_table":8,"minecraft:leather_chestplate":1,"minecraft:feather":6,"minecraft:cooked_beef":12,"minecraft:cherry_planks":16,"minecraft:water_bucket":2,"minecraft:leather_leggings":1,"minecraft:leather":9,"minecraft:potato":9,"minecraft:wooden_pickaxe":2,"minecraft:filled_map":3,"minecraft:map":1,"minecraft:gunpowder":4,"minecraft:paper":23,"minecraft:string":6,"minecraft:dirt":31,"minecraft:raw_copper":4,"minecraft:cooked_salmon":1,"minecraft:cooked_mutton":11,"minecraft:bone":4,"minecraft:kelp":2,"minecraft:wheat_seeds":2,"minecraft:gold_nugget":13,"minecraft:spruce_planks":6,"minecraft:stone_pickaxe":2,"minecraft:beef":2,"minecraft:cooked_chicken":2,"minecraft:iron_nugget":12,"minecraft:sugar_cane":8,"minecraft:oak_planks":2,"minecraft:egg":2,"minecraft:furnace":3,"minecraft:stick":4,"minecraft:raw_iron":7,"minecraft:sweet_berries":20,"minecraft:torch":25,"minecraft:lava_bucket":2,"minecraft:sand":3,"minecraft:spruce_sapling":1,"minecraft:carrot":1,"minecraft:spruce_log":13,"minecraft:leather_helmet":2,"minecraft:arrow":2,"minecraft:stone_shovel":1,"minecraft:rotten_flesh":7,"minecraft:spruce_boat":20,"minecraft:emerald":5,"minecraft:oak_sapling":4,"minecraft:bread":3,"minecraft:black_wool":3,"minecraft:coal":35,"minecraft:white_wool":7,"minecraft:cobblestone":140},"minecraft:killed":{"minecraft:spider":3,"minecraft:skeleton":2,"minecraft:zombie":2,"minecraft:cow":3},"minecraft:broken":{"minecraft:wooden_axe":1,"minecraft:wooden_pickaxe":2},"minecraft:custom":{"minecraft:interact_with_furnace":7,"minecraft:mob_kills":10,"minecraft:interact_with_crafting_table":23,"minecraft:leave_game":5,"minecraft:time_since_death":60219,"minecraft:sleep_in_bed":2,"minecraft:time_since_rest":14987,"minecraft:sprint_one_cm":205964,"minecraft:damage_taken":1649,"minecraft:walk_one_cm":125916,"minecraft:drop":39,"minecraft:damage_dealt":1832,"minecraft:swim_one_cm":102473,"minecraft:player_kills":1,"minecraft:fly_one_cm":376058,"minecraft:open_chest":46,"minecraft:crouch_one_cm":3728,"minecraft:play_time":114061,"minecraft:deaths":2,"minecraft:sneak_time":1497,"minecraft:walk_under_water_one_cm":57686,"minecraft:boat_one_cm":759024,"minecraft:jump":1744,"minecraft:walk_on_water_one_cm":32480,"minecraft:total_world_time":114061,"minecraft:fall_one_cm":33870},"minecraft:killed_by":{"minecraft:skeleton":1},"minecraft:crafted":{"minecraft:cooked_beef":2,"minecraft:cherry_planks":20,"minecraft:stone_shovel":1,"minecraft:crafting_table":3,"minecraft:enchanting_table":1,"minecraft:spruce_planks":52,"minecraft:wooden_pickaxe":1,"minecraft:iron_sword":1,"minecraft:furnace":1,"minecraft:bucket":2,"minecraft:air":0,"minecraft:oak_fence_gate":4,"minecraft:diamond_pickaxe":1,"minecraft:shield":1,"minecraft:stick":32,"minecraft:iron_ingot":8,"minecraft:stone_pickaxe":1,"minecraft:wooden_axe":1,"minecraft:chest":1,"minecraft:spruce_boat":4,"minecraft:torch":4},"minecraft:used":{"minecraft:cooked_mutton":5,"minecraft:water_bucket":75,"minecraft:leather_leggings":1,"minecraft:stone_shovel":1,"minecraft:stone_pickaxe":72,"minecraft:chest":1,"minecraft:leather_chestplate":1,"minecraft:wooden_pickaxe":95,"minecraft:cooked_salmon":3,"minecraft:torch":13,"minecraft:dirt":63,"minecraft:crafting_table":7,"minecraft:oak_fence_gate":4,"minecraft:spruce_boat":20,"minecraft:wooden_axe":32,"minecraft:lava_bucket":33,"minecraft:leather_helmet":1,"minecraft:cobblestone":15,"minecraft:sweet_berries":20,"minecraft:furnace":1,"minecraft:cooked_cod":4,"minecraft:bucket":110,"minecraft:egg":1,"minecraft:cooked_beef":6,"minecraft:kelp":2,"minecraft:experience_bottle":1},"minecraft:mined":{"minecraft:kelp_plant":1,"minecraft:powder_snow":3,"minecraft:crafting_table":5,"minecraft:torch":4,"minecraft:short_grass":6,"minecraft:grass_block":18,"minecraft:tall_grass":1,"minecraft:copper_ore":1,"minecraft:cobblestone":8,"minecraft:spruce_leaves":2,"minecraft:sugar_cane":3,"minecraft:wall_torch":9,"minecraft:furnace":1,"minecraft:iron_ore":5,"minecraft:sweet_berry_bush":1,"minecraft:spruce_log":13,"minecraft:coal_ore":35,"minecraft:dirt":13,"minecraft:sand":3,"minecraft:stone":117,"minecraft:oak_leaves":2}},"DataVersion":3953}