{"stats":{"minecraft:custom":{"minecraft:time_since_rest":19671,"minecraft:interact_with_furnace":6,"minecraft:sprint_one_cm":42787,"minecraft:damage_taken":650,"minecraft:walk_one_cm":29271,"minecraft:mob_kills":1,"minecraft:drop":4,"minecraft:damage_dealt":118,"minecraft:interact_with_crafting_table":11,"minecraft:swim_one_cm":35346,"minecraft:fly_one_cm":97993,"minecraft:open_chest":4,"minecraft:crouch_one_cm":955,"minecraft:play_time":28327,"minecraft:deaths":1,"minecraft:sneak_time":416,"minecraft:walk_under_water_one_cm":9622,"minecraft:boat_one_cm":273657,"minecraft:jump":406,"minecraft:time_since_death":19645,"minecraft:walk_on_water_one_cm":5889,"minecraft:total_world_time":28327,"minecraft:fall_one_cm":7666},"minecraft:mined":{"minecraft:furnace":1,"minecraft:iron_ore":3,"minecraft:sweet_berry_bush":1,"minecraft:spruce_log":10,"minecraft:powder_snow":3,"minecraft:crafting_table":4,"minecraft:coal_ore":35,"minecraft:dirt":2,"minecraft:copper_ore":1,"minecraft:cobblestone":1,"minecraft:spruce_leaves":2,"minecraft:stone":25,"minecraft:wall_torch":3},"minecraft:picked_up":{"minecraft:raw_iron":3,"minecraft:crafting_table":4,"minecraft:sweet_berries":20,"minecraft:leather":1,"minecraft:torch":3,"minecraft:filled_map":1,"minecraft:spruce_sapling":1,"minecraft:spruce_log":10,"minecraft:dirt":2,"minecraft:raw_copper":4,"minecraft:spruce_boat":7,"minecraft:beef":2,"minecraft:coal":35,"minecraft:cobblestone":26,"minecraft:furnace":1},"minecraft:killed":{"minecraft:cow":1},"minecraft:dropped":{"minecraft:filled_map":2,"minecraft:spruce_boat":1,"minecraft:raw_copper":4},"minecraft:crafted":{"minecraft:cooked_beef":2,"minecraft:crafting_table":2,"minecraft:spruce_planks":40,"minecraft:stick":12,"minecraft:iron_ingot":3,"minecraft:wooden_pickaxe":1,"minecraft:stone_pickaxe":1,"minecraft:wooden_axe":1,"minecraft:furnace":1,"minecraft:spruce_boat":3,"minecraft:bucket":1,"minecraft:torch":4,"minecraft:air":0},"minecraft:killed_by":{"minecraft:skeleton":1},"minecraft:used":{"minecraft:spruce_boat":8,"minecraft:wooden_axe":4,"minecraft:stone_pickaxe":63,"minecraft:wooden_pickaxe":3,"minecraft:torch":3,"minecraft:dirt":2,"minecraft:cobblestone":3,"minecraft:crafting_table":5,"minecraft:sweet_berries":19,"minecraft:furnace":1,"minecraft:bucket":1,"minecraft:cooked_beef":2}},"DataVersion":3953}