{"stats":{"minecraft:mined":{"minecraft:spruce_log":6,"minecraft:spruce_leaves":6},"minecraft:picked_up":{"minecraft:spruce_sapling":1,"minecraft:spruce_log":6},"minecraft:custom":{"minecraft:jump":40,"minecraft:time_since_rest":2854,"minecraft:damage_dealt":10,"minecraft:crouch_one_cm":120,"minecraft:sprint_one_cm":6016,"minecraft:play_time":2854,"minecraft:walk_on_water_one_cm":363,"minecraft:time_since_death":2854,"minecraft:walk_one_cm":7606,"minecraft:sneak_time":28,"minecraft:total_world_time":2854,"minecraft:walk_under_water_one_cm":198,"minecraft:swim_one_cm":1552,"minecraft:fall_one_cm":538,"minecraft:fly_one_cm":14706}},"DataVersion":3953}