{"stats":{"minecraft:dropped":{"minecraft:iron_nugget":2,"minecraft:wheat":4,"minecraft:cherry_sapling":1,"minecraft:feather":7,"minecraft:rotten_flesh":27,"minecraft:filled_map":3,"minecraft:torch":1,"minecraft:spruce_planks":2,"minecraft:chest":1,"minecraft:snowball":8,"minecraft:leather_leggings":1,"minecraft:beef":3,"minecraft:string":2,"minecraft:spruce_sapling":2},"minecraft:mined":{"minecraft:deepslate_diamond_ore":10,"minecraft:cherry_log":26,"minecraft:crafting_table":6,"minecraft:short_grass":4,"minecraft:grass_block":1,"minecraft:chest":1,"minecraft:copper_ore":4,"minecraft:tall_grass":1,"minecraft:spruce_leaves":14,"minecraft:deepslate_gold_ore":17,"minecraft:wall_torch":1,"minecraft:blue_bed":6,"minecraft:spawner":1,"minecraft:carrots":1,"minecraft:iron_ore":35,"minecraft:snow":2,"minecraft:sweet_berry_bush":3,"minecraft:ice":1,"minecraft:spruce_log":11,"minecraft:pumpkin":1,"minecraft:deepslate_lapis_ore":1,"minecraft:potatoes":1,"minecraft:coal_ore":2,"minecraft:deepslate_iron_ore":3,"minecraft:cherry_leaves":15,"minecraft:sand":24,"minecraft:gravel":19,"minecraft:packed_ice":20,"minecraft:cobweb":14,"minecraft:stone":16,"minecraft:deepslate":4,"minecraft:oak_leaves":4},"minecraft:killed":{"minecraft:cave_spider":10,"minecraft:spider":1,"minecraft:creeper":1,"minecraft:skeleton":2,"minecraft:zombie":1,"minecraft:enderman":1},"minecraft:crafted":{"minecraft:wooden_shovel":1,"minecraft:crafting_table":1,"minecraft:spruce_planks":52,"minecraft:spruce_door":3,"minecraft:bucket":2,"minecraft:stick":32,"minecraft:iron_ingot":3,"minecraft:iron_pickaxe":1,"minecraft:wooden_axe":1,"minecraft:chest":2,"minecraft:spruce_boat":1,"minecraft:torch":4},"minecraft:used":{"minecraft:water_bucket":79,"minecraft:spruce_door":2,"minecraft:chest":2,"minecraft:iron_sword":63,"minecraft:blue_bed":6,"minecraft:wooden_shovel":38,"minecraft:cooked_salmon":7,"minecraft:torch":2,"minecraft:dirt":1,"minecraft:crafting_table":6,"minecraft:milk_bucket":1,"minecraft:spruce_boat":13,"minecraft:wooden_axe":46,"minecraft:lava_bucket":22,"minecraft:iron_pickaxe":93,"minecraft:cobblestone":10,"minecraft:sweet_berries":7,"minecraft:cooked_porkchop":1,"minecraft:cooked_cod":11,"minecraft:bucket":103,"minecraft:cooked_beef":5,"minecraft:cobbled_deepslate":4,"minecraft:cherry_log":3,"minecraft:iron_leggings":1},"minecraft:picked_up":{"minecraft:crafting_table":6,"minecraft:feather":7,"minecraft:cooked_beef":23,"minecraft:chest_minecart":1,"minecraft:leather":7,"minecraft:potato":1,"minecraft:lapis_lazuli":9,"minecraft:string":22,"minecraft:blue_bed":6,"minecraft:dirt":1,"minecraft:raw_copper":17,"minecraft:cooked_mutton":4,"minecraft:bone":3,"minecraft:wheat_seeds":1,"minecraft:detector_rail":1,"minecraft:cobbled_deepslate":4,"minecraft:raw_gold":17,"minecraft:spruce_planks":1,"minecraft:beef":3,"minecraft:iron_nugget":1,"minecraft:chest":1,"minecraft:raw_iron":38,"minecraft:stick":6,"minecraft:cooked_porkchop":1,"minecraft:pumpkin":1,"minecraft:sweet_berries":36,"minecraft:torch":2,"minecraft:gravel":3,"minecraft:sand":27,"minecraft:cherry_log":26,"minecraft:spruce_sapling":2,"minecraft:spider_eye":2,"minecraft:carrot":1,"minecraft:spruce_log":13,"minecraft:grass_block":2,"minecraft:spruce_door":1,"minecraft:leather_helmet":1,"minecraft:beetroot_seeds":1,"minecraft:arrow":4,"minecraft:diamond":10,"minecraft:spruce_boat":12,"minecraft:cherry_sapling":5,"minecraft:coal":2,"minecraft:snowball":1,"minecraft:white_wool":2,"minecraft:cobblestone":16,"minecraft:ender_pearl":2},"minecraft:custom":{"minecraft:interact_with_smithing_table":3,"minecraft:interact_with_furnace":7,"minecraft:mob_kills":18,"minecraft:interact_with_crafting_table":9,"minecraft:leave_game":5,"minecraft:time_since_death":118591,"minecraft:sleep_in_bed":6,"minecraft:time_since_rest":29800,"minecraft:sprint_one_cm":292431,"minecraft:damage_taken":917,"minecraft:walk_one_cm":263412,"minecraft:drop":20,"minecraft:damage_dealt":3265,"minecraft:talked_to_villager":6,"minecraft:swim_one_cm":50992,"minecraft:fly_one_cm":520240,"minecraft:open_chest":24,"minecraft:crouch_one_cm":16138,"minecraft:play_time":118591,"minecraft:sneak_time":3894,"minecraft:walk_under_water_one_cm":43232,"minecraft:boat_one_cm":327289,"minecraft:jump":2611,"minecraft:walk_on_water_one_cm":22337,"minecraft:interact_with_smoker":1,"minecraft:total_world_time":118591,"minecraft:fall_one_cm":59620}},"DataVersion":3953}