{"stats":{"minecraft:mined":{"minecraft:snow":1,"minecraft:sweet_berry_bush":1,"minecraft:spruce_log":6,"minecraft:crafting_table":3,"minecraft:grass_block":1,"minecraft:sand":5,"minecraft:packed_ice":20,"minecraft:spruce_leaves":8},"minecraft:killed":{"minecraft:skeleton":1,"minecraft:spider":1,"minecraft:enderman":1},"minecraft:crafted":{"minecraft:wooden_shovel":1,"minecraft:crafting_table":1,"minecraft:spruce_planks":24,"minecraft:stick":8,"minecraft:wooden_axe":1,"minecraft:spruce_boat":1},"minecraft:used":{"minecraft:spruce_boat":6,"minecraft:wooden_axe":10,"minecraft:wooden_shovel":6,"minecraft:dirt":1,"minecraft:crafting_table":3,"minecraft:sweet_berries":7},"minecraft:picked_up":{"minecraft:crafting_table":3,"minecraft:sweet_berries":7,"minecraft:sand":2,"minecraft:spruce_sapling":1,"minecraft:spruce_log":6,"minecraft:grass_block":1,"minecraft:string":2,"minecraft:dirt":1,"minecraft:leather_helmet":1,"minecraft:arrow":2,"minecraft:bone":1,"minecraft:spruce_boat":6,"minecraft:wheat_seeds":1,"minecraft:snowball":1,"minecraft:ender_pearl":1},"minecraft:custom":{"minecraft:time_since_rest":13782,"minecraft:sprint_one_cm":27155,"minecraft:damage_taken":71,"minecraft:walk_one_cm":35758,"minecraft:mob_kills":4,"minecraft:damage_dealt":781,"minecraft:swim_one_cm":4047,"minecraft:interact_with_crafting_table":4,"minecraft:fly_one_cm":57027,"minecraft:open_chest":2,"minecraft:crouch_one_cm":1174,"minecraft:play_time":13782,"minecraft:sneak_time":242,"minecraft:walk_under_water_one_cm":880,"minecraft:boat_one_cm":92374,"minecraft:jump":234,"minecraft:leave_game":1,"minecraft:walk_on_water_one_cm":1283,"minecraft:time_since_death":13782,"minecraft:total_world_time":13782,"minecraft:fall_one_cm":4488}},"DataVersion":3953}