{"stats":{"minecraft:dropped":{"minecraft:iron_nugget":2,"minecraft:wheat":4,"minecraft:cherry_sapling":1,"minecraft:rotten_flesh":27,"minecraft:filled_map":3,"minecraft:spruce_planks":2,"minecraft:chest":1,"minecraft:snowball":8,"minecraft:leather_leggings":1,"minecraft:beef":3,"minecraft:string":2,"minecraft:spruce_sapling":2},"minecraft:mined":{"minecraft:cherry_log":26,"minecraft:crafting_table":6,"minecraft:short_grass":4,"minecraft:grass_block":1,"minecraft:chest":1,"minecraft:tall_grass":1,"minecraft:spruce_leaves":14,"minecraft:blue_bed":4,"minecraft:carrots":1,"minecraft:snow":2,"minecraft:sweet_berry_bush":3,"minecraft:ice":1,"minecraft:spruce_log":11,"minecraft:pumpkin":1,"minecraft:potatoes":1,"minecraft:cherry_leaves":15,"minecraft:sand":24,"minecraft:gravel":19,"minecraft:packed_ice":20},"minecraft:killed":{"minecraft:spider":1,"minecraft:creeper":1,"minecraft:skeleton":2,"minecraft:enderman":1},"minecraft:crafted":{"minecraft:wooden_shovel":1,"minecraft:crafting_table":1,"minecraft:spruce_planks":24,"minecraft:spruce_door":3,"minecraft:bucket":2,"minecraft:stick":8,"minecraft:iron_ingot":3,"minecraft:wooden_axe":1,"minecraft:spruce_boat":1},"minecraft:used":{"minecraft:water_bucket":33,"minecraft:spruce_door":2,"minecraft:iron_sword":11,"minecraft:blue_bed":3,"minecraft:wooden_shovel":38,"minecraft:cooked_salmon":7,"minecraft:torch":1,"minecraft:dirt":1,"minecraft:crafting_table":6,"minecraft:milk_bucket":1,"minecraft:spruce_boat":13,"minecraft:wooden_axe":46,"minecraft:lava_bucket":20,"minecraft:sweet_berries":7,"minecraft:cooked_cod":6,"minecraft:bucket":55,"minecraft:cooked_beef":1,"minecraft:cherry_log":3,"minecraft:iron_leggings":1},"minecraft:picked_up":{"minecraft:crafting_table":6,"minecraft:cooked_beef":21,"minecraft:leather":6,"minecraft:potato":1,"minecraft:string":2,"minecraft:blue_bed":4,"minecraft:dirt":1,"minecraft:raw_copper":4,"minecraft:cooked_mutton":4,"minecraft:bone":3,"minecraft:wheat_seeds":1,"minecraft:spruce_planks":1,"minecraft:beef":3,"minecraft:iron_nugget":1,"minecraft:chest":1,"minecraft:stick":6,"minecraft:pumpkin":1,"minecraft:sweet_berries":36,"minecraft:torch":1,"minecraft:gravel":3,"minecraft:sand":27,"minecraft:cherry_log":26,"minecraft:spruce_sapling":2,"minecraft:carrot":1,"minecraft:spruce_log":13,"minecraft:grass_block":2,"minecraft:spruce_door":1,"minecraft:leather_helmet":1,"minecraft:arrow":4,"minecraft:spruce_boat":12,"minecraft:cherry_sapling":5,"minecraft:snowball":1,"minecraft:white_wool":2,"minecraft:ender_pearl":2},"minecraft:custom":{"minecraft:interact_with_smithing_table":3,"minecraft:interact_with_furnace":6,"minecraft:mob_kills":7,"minecraft:interact_with_crafting_table":7,"minecraft:leave_game":5,"minecraft:time_since_death":82591,"minecraft:sleep_in_bed":4,"minecraft:time_since_rest":9342,"minecraft:sprint_one_cm":191252,"minecraft:damage_taken":442,"minecraft:walk_one_cm":167407,"minecraft:drop":18,"minecraft:damage_dealt":1482,"minecraft:talked_to_villager":6,"minecraft:swim_one_cm":43245,"minecraft:fly_one_cm":388922,"minecraft:open_chest":17,"minecraft:crouch_one_cm":8379,"minecraft:play_time":82591,"minecraft:sneak_time":1929,"minecraft:walk_under_water_one_cm":24117,"minecraft:boat_one_cm":318702,"minecraft:jump":1757,"minecraft:walk_on_water_one_cm":14196,"minecraft:interact_with_smoker":1,"minecraft:total_world_time":82591,"minecraft:fall_one_cm":39641}},"DataVersion":3953}