{"stats":{"minecraft:dropped":{"minecraft:filled_map":1,"minecraft:snowball":8,"minecraft:spruce_sapling":2},"minecraft:mined":{"minecraft:carrots":1,"minecraft:sweet_berry_bush":1,"minecraft:snow":1,"minecraft:ice":1,"minecraft:spruce_log":11,"minecraft:pumpkin":1,"minecraft:crafting_table":4,"minecraft:grass_block":1,"minecraft:potatoes":1,"minecraft:chest":1,"minecraft:sand":13,"minecraft:packed_ice":20,"minecraft:spruce_leaves":14,"minecraft:blue_bed":1},"minecraft:killed":{"minecraft:skeleton":1,"minecraft:spider":1,"minecraft:enderman":1},"minecraft:crafted":{"minecraft:wooden_shovel":1,"minecraft:crafting_table":1,"minecraft:stick":8,"minecraft:spruce_planks":24,"minecraft:wooden_axe":1,"minecraft:spruce_boat":1,"minecraft:bucket":2},"minecraft:used":{"minecraft:spruce_boat":11,"minecraft:wooden_axe":17,"minecraft:water_bucket":23,"minecraft:lava_bucket":1,"minecraft:iron_sword":1,"minecraft:cooked_salmon":5,"minecraft:wooden_shovel":7,"minecraft:torch":1,"minecraft:dirt":1,"minecraft:sweet_berries":7,"minecraft:crafting_table":4,"minecraft:bucket":26,"minecraft:iron_leggings":1},"minecraft:picked_up":{"minecraft:crafting_table":4,"minecraft:pumpkin":1,"minecraft:sweet_berries":7,"minecraft:torch":1,"minecraft:potato":1,"minecraft:sand":15,"minecraft:spruce_sapling":2,"minecraft:grass_block":2,"minecraft:spruce_log":11,"minecraft:carrot":1,"minecraft:dirt":1,"minecraft:blue_bed":1,"minecraft:string":2,"minecraft:leather_helmet":1,"minecraft:bone":2,"minecraft:arrow":3,"minecraft:spruce_boat":11,"minecraft:wheat_seeds":1,"minecraft:beef":3,"minecraft:chest":1,"minecraft:snowball":1,"minecraft:ender_pearl":2},"minecraft:custom":{"minecraft:time_since_rest":14088,"minecraft:interact_with_smithing_table":1,"minecraft:interact_with_furnace":6,"minecraft:sprint_one_cm":102160,"minecraft:damage_taken":141,"minecraft:walk_one_cm":90455,"minecraft:mob_kills":4,"minecraft:drop":4,"minecraft:damage_dealt":841,"minecraft:interact_with_crafting_table":5,"minecraft:swim_one_cm":4047,"minecraft:fly_one_cm":213964,"minecraft:talked_to_villager":2,"minecraft:open_chest":6,"minecraft:play_time":46591,"minecraft:crouch_one_cm":6524,"minecraft:sneak_time":1401,"minecraft:walk_under_water_one_cm":10198,"minecraft:boat_one_cm":129729,"minecraft:jump":925,"minecraft:leave_game":5,"minecraft:time_since_death":46591,"minecraft:walk_on_water_one_cm":3068,"minecraft:sleep_in_bed":1,"minecraft:total_world_time":46591,"minecraft:interact_with_smoker":1,"minecraft:fall_one_cm":22322}},"DataVersion":3953}