{"stats":{"minecraft:dropped":{"minecraft:iron_nugget":2,"minecraft:rotten_flesh":27,"minecraft:filled_map":3,"minecraft:snowball":8,"minecraft:leather_leggings":1,"minecraft:beef":3,"minecraft:spruce_sapling":2},"minecraft:mined":{"minecraft:crafting_table":6,"minecraft:short_grass":3,"minecraft:grass_block":1,"minecraft:chest":1,"minecraft:tall_grass":1,"minecraft:spruce_leaves":14,"minecraft:blue_bed":1,"minecraft:carrots":1,"minecraft:snow":2,"minecraft:sweet_berry_bush":2,"minecraft:ice":1,"minecraft:spruce_log":11,"minecraft:pumpkin":1,"minecraft:potatoes":1,"minecraft:sand":24,"minecraft:gravel":19,"minecraft:packed_ice":20},"minecraft:killed":{"minecraft:spider":1,"minecraft:skeleton":1,"minecraft:enderman":1},"minecraft:crafted":{"minecraft:wooden_shovel":1,"minecraft:crafting_table":1,"minecraft:spruce_planks":24,"minecraft:spruce_door":3,"minecraft:bucket":2,"minecraft:stick":8,"minecraft:iron_ingot":3,"minecraft:wooden_axe":1,"minecraft:spruce_boat":1},"minecraft:used":{"minecraft:water_bucket":33,"minecraft:spruce_door":2,"minecraft:iron_sword":2,"minecraft:blue_bed":1,"minecraft:wooden_shovel":38,"minecraft:cooked_salmon":7,"minecraft:torch":1,"minecraft:dirt":1,"minecraft:crafting_table":6,"minecraft:milk_bucket":1,"minecraft:spruce_boat":13,"minecraft:wooden_axe":20,"minecraft:lava_bucket":16,"minecraft:sweet_berries":7,"minecraft:cooked_cod":3,"minecraft:bucket":51,"minecraft:cooked_beef":1,"minecraft:iron_leggings":1},"minecraft:picked_up":{"minecraft:crafting_table":6,"minecraft:cooked_beef":21,"minecraft:leather":6,"minecraft:potato":1,"minecraft:string":2,"minecraft:blue_bed":1,"minecraft:dirt":1,"minecraft:raw_copper":4,"minecraft:bone":2,"minecraft:wheat_seeds":1,"minecraft:beef":3,"minecraft:iron_nugget":1,"minecraft:chest":1,"minecraft:pumpkin":1,"minecraft:sweet_berries":36,"minecraft:torch":1,"minecraft:gravel":3,"minecraft:sand":27,"minecraft:spruce_sapling":2,"minecraft:carrot":1,"minecraft:spruce_log":13,"minecraft:grass_block":2,"minecraft:spruce_door":1,"minecraft:leather_helmet":1,"minecraft:arrow":3,"minecraft:spruce_boat":12,"minecraft:snowball":1,"minecraft:ender_pearl":2},"minecraft:custom":{"minecraft:interact_with_smithing_table":1,"minecraft:interact_with_furnace":6,"minecraft:mob_kills":4,"minecraft:interact_with_crafting_table":7,"minecraft:leave_game":5,"minecraft:time_since_death":70591,"minecraft:sleep_in_bed":2,"minecraft:time_since_rest":0,"minecraft:sprint_one_cm":151627,"minecraft:damage_taken":406,"minecraft:walk_one_cm":136029,"minecraft:drop":11,"minecraft:damage_dealt":970,"minecraft:talked_to_villager":2,"minecraft:swim_one_cm":39993,"minecraft:fly_one_cm":323175,"minecraft:open_chest":16,"minecraft:crouch_one_cm":8023,"minecraft:play_time":70591,"minecraft:sneak_time":1825,"minecraft:walk_under_water_one_cm":23626,"minecraft:boat_one_cm":305286,"minecraft:jump":1420,"minecraft:walk_on_water_one_cm":13471,"minecraft:interact_with_smoker":1,"minecraft:total_world_time":70591,"minecraft:fall_one_cm":30823}},"DataVersion":3953}