{"stats":{"minecraft:dropped":{"minecraft:filled_map":1,"minecraft:snowball":8,"minecraft:leather_leggings":1,"minecraft:spruce_sapling":2},"minecraft:mined":{"minecraft:carrots":1,"minecraft:sweet_berry_bush":2,"minecraft:snow":2,"minecraft:ice":1,"minecraft:spruce_log":11,"minecraft:pumpkin":1,"minecraft:crafting_table":4,"minecraft:grass_block":1,"minecraft:potatoes":1,"minecraft:chest":1,"minecraft:sand":24,"minecraft:packed_ice":20,"minecraft:spruce_leaves":14,"minecraft:blue_bed":1},"minecraft:killed":{"minecraft:skeleton":1,"minecraft:spider":1,"minecraft:enderman":1},"minecraft:crafted":{"minecraft:wooden_shovel":1,"minecraft:crafting_table":1,"minecraft:stick":8,"minecraft:spruce_planks":24,"minecraft:wooden_axe":1,"minecraft:spruce_boat":1,"minecraft:bucket":2},"minecraft:used":{"minecraft:spruce_boat":13,"minecraft:wooden_axe":18,"minecraft:water_bucket":32,"minecraft:lava_bucket":1,"minecraft:iron_sword":2,"minecraft:cooked_salmon":7,"minecraft:wooden_shovel":19,"minecraft:torch":1,"minecraft:dirt":1,"minecraft:sweet_berries":7,"minecraft:crafting_table":4,"minecraft:cooked_cod":1,"minecraft:bucket":35,"minecraft:iron_leggings":1},"minecraft:picked_up":{"minecraft:crafting_table":4,"minecraft:pumpkin":1,"minecraft:sweet_berries":36,"minecraft:torch":1,"minecraft:potato":1,"minecraft:sand":27,"minecraft:spruce_sapling":2,"minecraft:grass_block":2,"minecraft:spruce_log":13,"minecraft:carrot":1,"minecraft:dirt":1,"minecraft:blue_bed":1,"minecraft:string":2,"minecraft:leather_helmet":1,"minecraft:bone":2,"minecraft:arrow":3,"minecraft:spruce_boat":12,"minecraft:wheat_seeds":1,"minecraft:beef":3,"minecraft:chest":1,"minecraft:snowball":1,"minecraft:ender_pearl":2},"minecraft:custom":{"minecraft:time_since_rest":26088,"minecraft:interact_with_smithing_table":1,"minecraft:interact_with_furnace":6,"minecraft:sprint_one_cm":123389,"minecraft:damage_taken":360,"minecraft:walk_one_cm":112531,"minecraft:mob_kills":4,"minecraft:drop":5,"minecraft:damage_dealt":970,"minecraft:interact_with_crafting_table":5,"minecraft:swim_one_cm":14237,"minecraft:fly_one_cm":255481,"minecraft:talked_to_villager":2,"minecraft:open_chest":11,"minecraft:play_time":58591,"minecraft:crouch_one_cm":7953,"minecraft:sneak_time":1757,"minecraft:walk_under_water_one_cm":20119,"minecraft:boat_one_cm":244392,"minecraft:jump":1150,"minecraft:leave_game":5,"minecraft:time_since_death":58591,"minecraft:walk_on_water_one_cm":10098,"minecraft:sleep_in_bed":1,"minecraft:total_world_time":58591,"minecraft:interact_with_smoker":1,"minecraft:fall_one_cm":25782}},"DataVersion":3953}