{"stats":{"minecraft:dropped":{"minecraft:iron_nugget":2,"minecraft:wheat":4,"minecraft:cherry_sapling":1,"minecraft:feather":7,"minecraft:rotten_flesh":27,"minecraft:filled_map":3,"minecraft:spruce_planks":2,"minecraft:chest":1,"minecraft:snowball":8,"minecraft:leather_leggings":1,"minecraft:beef":3,"minecraft:string":2,"minecraft:spruce_sapling":2},"minecraft:mined":{"minecraft:cherry_log":26,"minecraft:crafting_table":6,"minecraft:short_grass":4,"minecraft:grass_block":1,"minecraft:chest":1,"minecraft:tall_grass":1,"minecraft:spruce_leaves":14,"minecraft:blue_bed":6,"minecraft:carrots":1,"minecraft:snow":2,"minecraft:sweet_berry_bush":3,"minecraft:ice":1,"minecraft:spruce_log":11,"minecraft:pumpkin":1,"minecraft:potatoes":1,"minecraft:cherry_leaves":15,"minecraft:sand":24,"minecraft:gravel":19,"minecraft:packed_ice":20,"minecraft:oak_leaves":4},"minecraft:killed":{"minecraft:spider":1,"minecraft:creeper":1,"minecraft:skeleton":2,"minecraft:enderman":1},"minecraft:crafted":{"minecraft:wooden_shovel":1,"minecraft:crafting_table":1,"minecraft:spruce_planks":52,"minecraft:spruce_door":3,"minecraft:bucket":2,"minecraft:stick":32,"minecraft:iron_ingot":3,"minecraft:wooden_axe":1,"minecraft:chest":2,"minecraft:spruce_boat":1},"minecraft:used":{"minecraft:water_bucket":61,"minecraft:spruce_door":2,"minecraft:chest":2,"minecraft:iron_sword":11,"minecraft:blue_bed":5,"minecraft:wooden_shovel":38,"minecraft:cooked_salmon":7,"minecraft:torch":1,"minecraft:dirt":1,"minecraft:crafting_table":6,"minecraft:milk_bucket":1,"minecraft:spruce_boat":13,"minecraft:wooden_axe":46,"minecraft:lava_bucket":20,"minecraft:sweet_berries":7,"minecraft:cooked_cod":9,"minecraft:bucket":83,"minecraft:cooked_beef":1,"minecraft:cherry_log":3,"minecraft:iron_leggings":1},"minecraft:picked_up":{"minecraft:crafting_table":6,"minecraft:feather":7,"minecraft:cooked_beef":21,"minecraft:leather":6,"minecraft:potato":1,"minecraft:string":2,"minecraft:blue_bed":6,"minecraft:dirt":1,"minecraft:raw_copper":4,"minecraft:cooked_mutton":4,"minecraft:bone":3,"minecraft:wheat_seeds":1,"minecraft:spruce_planks":1,"minecraft:beef":3,"minecraft:iron_nugget":1,"minecraft:chest":1,"minecraft:stick":6,"minecraft:pumpkin":1,"minecraft:sweet_berries":36,"minecraft:torch":1,"minecraft:gravel":3,"minecraft:sand":27,"minecraft:cherry_log":26,"minecraft:spruce_sapling":2,"minecraft:carrot":1,"minecraft:spruce_log":13,"minecraft:grass_block":2,"minecraft:spruce_door":1,"minecraft:leather_helmet":1,"minecraft:arrow":4,"minecraft:spruce_boat":12,"minecraft:cherry_sapling":5,"minecraft:snowball":1,"minecraft:white_wool":2,"minecraft:ender_pearl":2},"minecraft:custom":{"minecraft:interact_with_smithing_table":3,"minecraft:interact_with_furnace":7,"minecraft:mob_kills":7,"minecraft:interact_with_crafting_table":8,"minecraft:leave_game":5,"minecraft:time_since_death":94591,"minecraft:sleep_in_bed":6,"minecraft:time_since_rest":5800,"minecraft:sprint_one_cm":213479,"minecraft:damage_taken":500,"minecraft:walk_one_cm":189557,"minecraft:drop":19,"minecraft:damage_dealt":1503,"minecraft:talked_to_villager":6,"minecraft:swim_one_cm":48682,"minecraft:fly_one_cm":433240,"minecraft:open_chest":21,"minecraft:crouch_one_cm":10248,"minecraft:play_time":94591,"minecraft:sneak_time":2259,"minecraft:walk_under_water_one_cm":34302,"minecraft:boat_one_cm":327289,"minecraft:jump":2009,"minecraft:walk_on_water_one_cm":16331,"minecraft:interact_with_smoker":1,"minecraft:total_world_time":94591,"minecraft:fall_one_cm":44332}},"DataVersion":3953}