{"stats":{"minecraft:picked_up":{"minecraft:crafting_table":1,"minecraft:spruce_boat":8,"minecraft:spruce_log":3},"minecraft:custom":{"minecraft:open_chest":7,"minecraft:time_since_rest":5914,"minecraft:play_time":18083,"minecraft:sprint_one_cm":47722,"minecraft:damage_taken":70,"minecraft:walk_one_cm":23233,"minecraft:sneak_time":11,"minecraft:walk_under_water_one_cm":4935,"minecraft:boat_one_cm":281771,"minecraft:jump":335,"minecraft:interact_with_stonecutter":1,"minecraft:damage_dealt":25,"minecraft:time_since_death":18083,"minecraft:walk_on_water_one_cm":3733,"minecraft:sleep_in_bed":1,"minecraft:total_world_time":18083,"minecraft:talked_to_villager":2,"minecraft:fall_one_cm":7771,"minecraft:swim_one_cm":9225,"minecraft:interact_with_crafting_table":1,"minecraft:fly_one_cm":92771,"minecraft:interact_with_smithing_table":1},"minecraft:crafted":{"minecraft:spruce_boat":1,"minecraft:crafting_table":1,"minecraft:spruce_planks":12},"minecraft:used":{"minecraft:spruce_boat":8,"minecraft:crafting_table":1,"minecraft:carrot":6},"minecraft:mined":{"minecraft:large_fern":1,"minecraft:spruce_log":3,"minecraft:oak_leaves":4,"minecraft:crafting_table":1}},"DataVersion":3953}