{"stats":{"minecraft:picked_up":{"minecraft:crafting_table":1,"minecraft:spruce_boat":8,"minecraft:spruce_log":3},"minecraft:custom":{"minecraft:open_chest":10,"minecraft:time_since_rest":9718,"minecraft:crouch_one_cm":210,"minecraft:interact_with_furnace":4,"minecraft:play_time":21887,"minecraft:sprint_one_cm":56191,"minecraft:damage_taken":70,"minecraft:walk_one_cm":31252,"minecraft:sneak_time":130,"minecraft:walk_under_water_one_cm":7288,"minecraft:boat_one_cm":281771,"minecraft:jump":383,"minecraft:interact_with_stonecutter":1,"minecraft:damage_dealt":25,"minecraft:leave_game":1,"minecraft:time_since_death":21887,"minecraft:walk_on_water_one_cm":4584,"minecraft:sleep_in_bed":1,"minecraft:total_world_time":21887,"minecraft:talked_to_villager":2,"minecraft:fall_one_cm":8839,"minecraft:swim_one_cm":63371,"minecraft:interact_with_crafting_table":2,"minecraft:fly_one_cm":95613,"minecraft:interact_with_smithing_table":1},"minecraft:crafted":{"minecraft:spruce_boat":1,"minecraft:crafting_table":1,"minecraft:spruce_planks":12},"minecraft:used":{"minecraft:spruce_boat":8,"minecraft:crafting_table":1,"minecraft:carrot":6,"minecraft:potato":1},"minecraft:mined":{"minecraft:large_fern":1,"minecraft:spruce_log":3,"minecraft:oak_leaves":4,"minecraft:crafting_table":1}},"DataVersion":3953}