{"stats":{"minecraft:killed_by":{"minecraft:player":7,"minecraft:skeleton":2,"minecraft:drowned":1},"minecraft:crafted":{"minecraft:oak_planks":100,"minecraft:stone_shovel":1,"minecraft:crafting_table":2,"minecraft:spruce_planks":12,"minecraft:wooden_pickaxe":1,"minecraft:bread":57,"minecraft:stick":108,"minecraft:stone_pickaxe":2,"minecraft:wooden_axe":1,"minecraft:spruce_boat":1,"minecraft:torch":268,"minecraft:wheat":171},"minecraft:used":{"minecraft:oak_fence":1,"minecraft:stone_shovel":5,"minecraft:stone_pickaxe":98,"minecraft:wooden_pickaxe":4,"minecraft:oak_door":1,"minecraft:torch":17,"minecraft:dirt":9,"minecraft:crafting_table":5,"minecraft:carrot":6,"minecraft:stone_brick_wall":2,"minecraft:spruce_boat":9,"minecraft:wooden_axe":13,"minecraft:oak_stairs":2,"minecraft:bread":11,"minecraft:sweet_berries":7,"minecraft:white_banner":2,"minecraft:stripped_oak_log":5,"minecraft:potato":2,"minecraft:coarse_dirt":2},"minecraft:picked_up":{"minecraft:stripped_oak_log":5,"minecraft:coarse_dirt":4,"minecraft:crafting_table":6,"minecraft:feather":4,"minecraft:oak_stairs":2,"minecraft:filled_map":1,"minecraft:oak_log":30,"minecraft:map":1,"minecraft:dirt":37,"minecraft:paper":23,"minecraft:white_banner":1,"minecraft:bone":2,"minecraft:gold_nugget":1,"minecraft:sugar_cane":14,"minecraft:oak_door":1,"minecraft:oak_fence":1,"minecraft:torch":1,"minecraft:gravel":1,"minecraft:sand":2,"minecraft:spruce_log":3,"minecraft:arrow":4,"minecraft:rotten_flesh":2,"minecraft:spruce_boat":9,"minecraft:hay_block":19,"minecraft:oak_sapling":4,"minecraft:coal":111,"minecraft:cobblestone":54},"minecraft:mined":{"minecraft:oak_door":1,"minecraft:oak_fence":1,"minecraft:crafting_table":5,"minecraft:short_grass":5,"minecraft:grass_block":3,"minecraft:tall_grass":1,"minecraft:sugar_cane":12,"minecraft:wall_torch":2,"minecraft:large_fern":1,"minecraft:hay_block":19,"minecraft:coarse_dirt":2,"minecraft:spruce_log":3,"minecraft:white_wall_banner":1,"minecraft:bee_nest":1,"minecraft:oak_log":30,"minecraft:coal_ore":45,"minecraft:oak_stairs":2,"minecraft:gravel":1,"minecraft:dirt":7,"minecraft:stripped_oak_log":5,"minecraft:stone":55,"minecraft:oak_leaves":6},"minecraft:custom":{"minecraft:interact_with_smithing_table":1,"minecraft:interact_with_furnace":7,"minecraft:mob_kills":1,"minecraft:interact_with_crafting_table":13,"minecraft:interact_with_stonecutter":1,"minecraft:leave_game":4,"minecraft:time_since_death":13936,"minecraft:sleep_in_bed":6,"minecraft:time_since_rest":5194,"minecraft:sprint_one_cm":221272,"minecraft:damage_taken":3536,"minecraft:walk_one_cm":191492,"minecraft:damage_dealt":919,"minecraft:swim_one_cm":163695,"minecraft:talked_to_villager":3,"minecraft:fly_one_cm":346294,"minecraft:open_chest":34,"minecraft:crouch_one_cm":2789,"minecraft:play_time":79320,"minecraft:deaths":11,"minecraft:sneak_time":635,"minecraft:walk_under_water_one_cm":19313,"minecraft:boat_one_cm":290917,"minecraft:jump":1446,"minecraft:interact_with_blast_furnace":1,"minecraft:walk_on_water_one_cm":33592,"minecraft:total_world_time":79320,"minecraft:fall_one_cm":34395,"minecraft:horse_one_cm":55350},"minecraft:killed":{"minecraft:skeleton":1}},"DataVersion":3953}