{"stats":{"minecraft:picked_up":{"minecraft:crafting_table":5,"minecraft:gravel":1,"minecraft:oak_log":22,"minecraft:spruce_log":3,"minecraft:dirt":26,"minecraft:arrow":2,"minecraft:rotten_flesh":2,"minecraft:spruce_boat":9,"minecraft:hay_block":19,"minecraft:coal":89,"minecraft:cobblestone":36},"minecraft:killed":{"minecraft:skeleton":1},"minecraft:custom":{"minecraft:time_since_rest":596,"minecraft:interact_with_smithing_table":1,"minecraft:interact_with_furnace":4,"minecraft:sprint_one_cm":159980,"minecraft:damage_taken":2798,"minecraft:walk_one_cm":123729,"minecraft:mob_kills":1,"minecraft:damage_dealt":738,"minecraft:interact_with_crafting_table":9,"minecraft:swim_one_cm":149809,"minecraft:talked_to_villager":3,"minecraft:fly_one_cm":299572,"minecraft:open_chest":17,"minecraft:crouch_one_cm":1168,"minecraft:play_time":55538,"minecraft:deaths":9,"minecraft:sneak_time":364,"minecraft:walk_under_water_one_cm":12494,"minecraft:boat_one_cm":290917,"minecraft:jump":1168,"minecraft:interact_with_stonecutter":1,"minecraft:interact_with_blast_furnace":1,"minecraft:leave_game":3,"minecraft:time_since_death":569,"minecraft:walk_on_water_one_cm":18887,"minecraft:sleep_in_bed":4,"minecraft:total_world_time":55538,"minecraft:fall_one_cm":29989},"minecraft:killed_by":{"minecraft:player":6,"minecraft:drowned":1,"minecraft:skeleton":2},"minecraft:crafted":{"minecraft:oak_planks":68,"minecraft:stone_shovel":1,"minecraft:crafting_table":2,"minecraft:spruce_planks":12,"minecraft:stick":44,"minecraft:wooden_pickaxe":1,"minecraft:stone_pickaxe":1,"minecraft:wooden_axe":1,"minecraft:spruce_boat":1,"minecraft:torch":132,"minecraft:bread":57,"minecraft:wheat":171},"minecraft:used":{"minecraft:spruce_boat":9,"minecraft:wooden_axe":13,"minecraft:stone_shovel":5,"minecraft:bread":11,"minecraft:stone_pickaxe":79,"minecraft:wooden_pickaxe":4,"minecraft:dirt":1,"minecraft:crafting_table":5,"minecraft:white_banner":1,"minecraft:carrot":6,"minecraft:potato":1},"minecraft:mined":{"minecraft:large_fern":1,"minecraft:hay_block":19,"minecraft:spruce_log":3,"minecraft:bee_nest":1,"minecraft:crafting_table":5,"minecraft:short_grass":5,"minecraft:grass_block":1,"minecraft:oak_log":22,"minecraft:coal_ore":45,"minecraft:gravel":1,"minecraft:dirt":4,"minecraft:tall_grass":1,"minecraft:stone":36,"minecraft:oak_leaves":5,"minecraft:wall_torch":1}},"DataVersion":3953}