{"stats":{"minecraft:killed_by":{"minecraft:player":7,"minecraft:skeleton":2,"minecraft:drowned":1},"minecraft:broken":{"minecraft:stone_pickaxe":2},"minecraft:crafted":{"minecraft:oak_planks":160,"minecraft:stone_shovel":1,"minecraft:crafting_table":2,"minecraft:spruce_planks":12,"minecraft:baked_potato":3,"minecraft:wooden_pickaxe":1,"minecraft:stone_axe":1,"minecraft:bread":57,"minecraft:air":0,"minecraft:stick":112,"minecraft:iron_ingot":11,"minecraft:stone_pickaxe":5,"minecraft:wooden_axe":1,"minecraft:spruce_boat":1,"minecraft:torch":268,"minecraft:wheat":171},"minecraft:used":{"minecraft:wheat_seeds":3,"minecraft:cooked_mutton":4,"minecraft:oak_fence":1,"minecraft:glass_bottle":1,"minecraft:stone_shovel":5,"minecraft:stone_pickaxe":347,"minecraft:baked_potato":3,"minecraft:wooden_pickaxe":4,"minecraft:rotten_flesh":1,"minecraft:oak_door":1,"minecraft:torch":35,"minecraft:dirt":10,"minecraft:crafting_table":5,"minecraft:carrot":6,"minecraft:stone_brick_wall":2,"minecraft:honey_bottle":2,"minecraft:spruce_boat":9,"minecraft:wooden_axe":13,"minecraft:oak_stairs":2,"minecraft:bread":11,"minecraft:gravel":10,"minecraft:stone_axe":80,"minecraft:cobblestone":6,"minecraft:oak_sapling":3,"minecraft:sweet_berries":29,"minecraft:white_banner":2,"minecraft:furnace":1,"minecraft:cooked_porkchop":1,"minecraft:yellow_bed":1,"minecraft:egg":1,"minecraft:stripped_oak_log":5,"minecraft:potato":2,"minecraft:coarse_dirt":4},"minecraft:picked_up":{"minecraft:stripped_oak_log":5,"minecraft:coarse_dirt":6,"minecraft:crafting_table":6,"minecraft:wheat":2,"minecraft:feather":4,"minecraft:magma_cream":1,"minecraft:andesite":1,"minecraft:oak_stairs":2,"minecraft:filled_map":1,"minecraft:flint":2,"minecraft:oak_log":109,"minecraft:yellow_bed":1,"minecraft:map":1,"minecraft:paper":23,"minecraft:dirt":56,"minecraft:white_banner":1,"minecraft:raw_copper":8,"minecraft:bone":2,"minecraft:orange_tulip":1,"minecraft:wheat_seeds":9,"minecraft:gold_nugget":1,"minecraft:sugar_cane":14,"minecraft:egg":1,"minecraft:stick":5,"minecraft:cooked_porkchop":1,"minecraft:oak_door":1,"minecraft:oak_fence":1,"minecraft:torch":3,"minecraft:gravel":24,"minecraft:sand":2,"minecraft:spruce_log":3,"minecraft:arrow":4,"minecraft:rotten_flesh":3,"minecraft:spruce_boat":9,"minecraft:hay_block":19,"minecraft:oak_sapling":7,"minecraft:coal":168,"minecraft:cobblestone":233},"minecraft:mined":{"minecraft:oak_door":1,"minecraft:oak_fence":1,"minecraft:crafting_table":5,"minecraft:torch":1,"minecraft:short_grass":6,"minecraft:grass_block":6,"minecraft:tall_grass":1,"minecraft:copper_ore":2,"minecraft:sugar_cane":12,"minecraft:wall_torch":2,"minecraft:large_fern":1,"minecraft:hay_block":19,"minecraft:coarse_dirt":4,"minecraft:wheat":3,"minecraft:sweet_berry_bush":1,"minecraft:spruce_log":3,"minecraft:andesite":3,"minecraft:orange_tulip":1,"minecraft:yellow_bed":2,"minecraft:bee_nest":1,"minecraft:white_wall_banner":1,"minecraft:oak_log":109,"minecraft:coal_ore":102,"minecraft:oak_stairs":2,"minecraft:gravel":26,"minecraft:dirt":23,"minecraft:stripped_oak_log":5,"minecraft:stone":233,"minecraft:oak_leaves":23},"minecraft:custom":{"minecraft:interact_with_smithing_table":1,"minecraft:interact_with_furnace":26,"minecraft:mob_kills":2,"minecraft:interact_with_crafting_table":16,"minecraft:interact_with_stonecutter":1,"minecraft:leave_game":8,"minecraft:time_since_death":66992,"minecraft:sleep_in_bed":8,"minecraft:time_since_rest":9325,"minecraft:sprint_one_cm":306245,"minecraft:damage_taken":4134,"minecraft:walk_one_cm":284315,"minecraft:drop":2,"minecraft:damage_dealt":1213,"minecraft:swim_one_cm":170674,"minecraft:talked_to_villager":3,"minecraft:fly_one_cm":453399,"minecraft:open_chest":53,"minecraft:crouch_one_cm":3975,"minecraft:play_time":132376,"minecraft:deaths":11,"minecraft:sneak_time":1220,"minecraft:walk_under_water_one_cm":21677,"minecraft:boat_one_cm":290917,"minecraft:jump":2149,"minecraft:interact_with_blast_furnace":1,"minecraft:walk_on_water_one_cm":34489,"minecraft:total_world_time":132376,"minecraft:fall_one_cm":51504,"minecraft:horse_one_cm":59879},"minecraft:dropped":{"minecraft:cooked_mutton":2},"minecraft:killed":{"minecraft:skeleton":1,"minecraft:zombie":1}},"DataVersion":3953}