{"stats":{"minecraft:picked_up":{"minecraft:crafting_table":6,"minecraft:coarse_dirt":3,"minecraft:feather":4,"minecraft:filled_map":1,"minecraft:oak_log":25,"minecraft:map":1,"minecraft:dirt":36,"minecraft:paper":23,"minecraft:white_banner":1,"minecraft:bone":2,"minecraft:gold_nugget":1,"minecraft:sugar_cane":3,"minecraft:torch":1,"minecraft:gravel":1,"minecraft:sand":2,"minecraft:spruce_log":3,"minecraft:arrow":4,"minecraft:rotten_flesh":2,"minecraft:spruce_boat":9,"minecraft:hay_block":19,"minecraft:oak_sapling":4,"minecraft:coal":111,"minecraft:cobblestone":36},"minecraft:killed":{"minecraft:skeleton":1},"minecraft:custom":{"minecraft:interact_with_smithing_table":1,"minecraft:interact_with_furnace":4,"minecraft:mob_kills":1,"minecraft:interact_with_crafting_table":9,"minecraft:interact_with_stonecutter":1,"minecraft:leave_game":3,"minecraft:time_since_death":2154,"minecraft:sleep_in_bed":5,"minecraft:time_since_rest":2181,"minecraft:sprint_one_cm":199991,"minecraft:damage_taken":3476,"minecraft:walk_one_cm":165694,"minecraft:damage_dealt":919,"minecraft:swim_one_cm":163695,"minecraft:talked_to_villager":3,"minecraft:fly_one_cm":335100,"minecraft:open_chest":22,"minecraft:crouch_one_cm":2789,"minecraft:play_time":67538,"minecraft:deaths":11,"minecraft:sneak_time":626,"minecraft:walk_under_water_one_cm":16260,"minecraft:boat_one_cm":290917,"minecraft:jump":1391,"minecraft:interact_with_blast_furnace":1,"minecraft:walk_on_water_one_cm":30586,"minecraft:total_world_time":67538,"minecraft:fall_one_cm":33652,"minecraft:horse_one_cm":4296},"minecraft:killed_by":{"minecraft:player":7,"minecraft:skeleton":2,"minecraft:drowned":1},"minecraft:crafted":{"minecraft:oak_planks":80,"minecraft:stone_shovel":1,"minecraft:crafting_table":2,"minecraft:spruce_planks":12,"minecraft:wooden_pickaxe":1,"minecraft:bread":57,"minecraft:stick":68,"minecraft:stone_pickaxe":1,"minecraft:wooden_axe":1,"minecraft:spruce_boat":1,"minecraft:torch":220,"minecraft:wheat":171},"minecraft:used":{"minecraft:stone_shovel":5,"minecraft:stone_pickaxe":79,"minecraft:wooden_pickaxe":4,"minecraft:torch":16,"minecraft:dirt":9,"minecraft:crafting_table":5,"minecraft:carrot":6,"minecraft:spruce_boat":9,"minecraft:wooden_axe":13,"minecraft:bread":11,"minecraft:white_banner":2,"minecraft:potato":2,"minecraft:coarse_dirt":2},"minecraft:mined":{"minecraft:crafting_table":5,"minecraft:short_grass":5,"minecraft:grass_block":3,"minecraft:tall_grass":1,"minecraft:sugar_cane":1,"minecraft:wall_torch":2,"minecraft:large_fern":1,"minecraft:hay_block":19,"minecraft:coarse_dirt":2,"minecraft:spruce_log":3,"minecraft:bee_nest":1,"minecraft:white_wall_banner":1,"minecraft:coal_ore":45,"minecraft:oak_log":25,"minecraft:gravel":1,"minecraft:dirt":7,"minecraft:stone":36,"minecraft:oak_leaves":5}},"DataVersion":3953}