{"stats":{"minecraft:picked_up":{"minecraft:crafting_table":4,"minecraft:gravel":1,"minecraft:oak_log":22,"minecraft:spruce_log":3,"minecraft:rotten_flesh":1,"minecraft:spruce_boat":8,"minecraft:hay_block":19,"minecraft:coal":12,"minecraft:cobblestone":19},"minecraft:custom":{"minecraft:time_since_rest":12227,"minecraft:interact_with_smithing_table":1,"minecraft:interact_with_furnace":4,"minecraft:sprint_one_cm":139377,"minecraft:damage_taken":1093,"minecraft:walk_one_cm":72200,"minecraft:damage_dealt":84,"minecraft:talked_to_villager":3,"minecraft:swim_one_cm":139035,"minecraft:interact_with_crafting_table":6,"minecraft:fly_one_cm":285764,"minecraft:open_chest":13,"minecraft:crouch_one_cm":210,"minecraft:play_time":43554,"minecraft:deaths":3,"minecraft:sneak_time":147,"minecraft:walk_under_water_one_cm":10638,"minecraft:boat_one_cm":281771,"minecraft:jump":1036,"minecraft:interact_with_stonecutter":1,"minecraft:interact_with_blast_furnace":1,"minecraft:leave_game":2,"minecraft:walk_on_water_one_cm":8455,"minecraft:time_since_death":13160,"minecraft:sleep_in_bed":4,"minecraft:total_world_time":43554,"minecraft:fall_one_cm":26692},"minecraft:killed_by":{"minecraft:player":1,"minecraft:drowned":1,"minecraft:skeleton":1},"minecraft:crafted":{"minecraft:oak_planks":44,"minecraft:crafting_table":2,"minecraft:spruce_planks":12,"minecraft:stick":8,"minecraft:wooden_pickaxe":1,"minecraft:stone_pickaxe":1,"minecraft:wooden_axe":1,"minecraft:spruce_boat":1,"minecraft:bread":57,"minecraft:wheat":171},"minecraft:used":{"minecraft:spruce_boat":8,"minecraft:wooden_axe":8,"minecraft:bread":8,"minecraft:stone_pickaxe":29,"minecraft:wooden_pickaxe":4,"minecraft:crafting_table":4,"minecraft:carrot":6,"minecraft:potato":1},"minecraft:mined":{"minecraft:large_fern":1,"minecraft:hay_block":19,"minecraft:spruce_log":3,"minecraft:bee_nest":1,"minecraft:crafting_table":4,"minecraft:short_grass":2,"minecraft:coal_ore":12,"minecraft:oak_log":22,"minecraft:gravel":1,"minecraft:tall_grass":1,"minecraft:stone":19,"minecraft:oak_leaves":5}},"DataVersion":3953}