{"stats":{"minecraft:picked_up":{"minecraft:crafting_table":1,"minecraft:oak_log":5,"minecraft:spruce_log":3,"minecraft:spruce_boat":8,"minecraft:hay_block":1},"minecraft:custom":{"minecraft:time_since_rest":243,"minecraft:interact_with_smithing_table":1,"minecraft:interact_with_furnace":4,"minecraft:sprint_one_cm":90482,"minecraft:damage_taken":803,"minecraft:walk_one_cm":51694,"minecraft:damage_dealt":62,"minecraft:talked_to_villager":3,"minecraft:swim_one_cm":104065,"minecraft:interact_with_crafting_table":2,"minecraft:fly_one_cm":196484,"minecraft:open_chest":11,"minecraft:crouch_one_cm":210,"minecraft:play_time":31570,"minecraft:deaths":3,"minecraft:sneak_time":147,"minecraft:walk_under_water_one_cm":9238,"minecraft:boat_one_cm":281771,"minecraft:jump":710,"minecraft:interact_with_stonecutter":1,"minecraft:leave_game":1,"minecraft:walk_on_water_one_cm":6536,"minecraft:time_since_death":1176,"minecraft:sleep_in_bed":4,"minecraft:total_world_time":31570,"minecraft:fall_one_cm":18712},"minecraft:killed_by":{"minecraft:player":1,"minecraft:drowned":1,"minecraft:skeleton":1},"minecraft:crafted":{"minecraft:crafting_table":1,"minecraft:spruce_planks":12,"minecraft:spruce_boat":1},"minecraft:used":{"minecraft:spruce_boat":8,"minecraft:crafting_table":1,"minecraft:carrot":6,"minecraft:potato":1},"minecraft:mined":{"minecraft:large_fern":1,"minecraft:hay_block":1,"minecraft:spruce_log":3,"minecraft:bee_nest":1,"minecraft:crafting_table":1,"minecraft:short_grass":1,"minecraft:oak_log":5,"minecraft:tall_grass":1,"minecraft:oak_leaves":4}},"DataVersion":3953}