{"stats":{"minecraft:custom":{"minecraft:interact_with_smithing_table":1,"minecraft:interact_with_furnace":26,"minecraft:mob_kills":16,"minecraft:interact_with_crafting_table":18,"minecraft:interact_with_stonecutter":1,"minecraft:leave_game":8,"minecraft:time_since_death":97986,"minecraft:sleep_in_bed":9,"minecraft:time_since_rest":25882,"minecraft:sprint_one_cm":355916,"minecraft:damage_taken":4597,"minecraft:walk_one_cm":361820,"minecraft:drop":9,"minecraft:damage_dealt":3449,"minecraft:swim_one_cm":181020,"minecraft:talked_to_villager":3,"minecraft:fly_one_cm":524865,"minecraft:open_chest":55,"minecraft:crouch_one_cm":11081,"minecraft:play_time":163370,"minecraft:deaths":11,"minecraft:sneak_time":3491,"minecraft:walk_under_water_one_cm":25779,"minecraft:boat_one_cm":290917,"minecraft:jump":2690,"minecraft:interact_with_blast_furnace":1,"minecraft:walk_on_water_one_cm":47673,"minecraft:total_world_time":163370,"minecraft:interact_with_smoker":1,"minecraft:fall_one_cm":71858,"minecraft:horse_one_cm":59879},"minecraft:crafted":{"minecraft:oak_planks":160,"minecraft:stone_shovel":1,"minecraft:crafting_table":3,"minecraft:spruce_planks":12,"minecraft:wooden_pickaxe":1,"minecraft:baked_potato":3,"minecraft:stone_axe":2,"minecraft:bread":57,"minecraft:air":0,"minecraft:stick":152,"minecraft:iron_ingot":11,"minecraft:stone_pickaxe":6,"minecraft:wooden_axe":1,"minecraft:spruce_boat":1,"minecraft:torch":416,"minecraft:wheat":171},"minecraft:mined":{"minecraft:tuff":42,"minecraft:oak_door":1,"minecraft:oak_fence":1,"minecraft:crafting_table":7,"minecraft:torch":1,"minecraft:short_grass":7,"minecraft:grass_block":6,"minecraft:tall_grass":1,"minecraft:copper_ore":2,"minecraft:sugar_cane":12,"minecraft:wall_torch":3,"minecraft:large_fern":1,"minecraft:hay_block":19,"minecraft:coarse_dirt":4,"minecraft:carrots":8,"minecraft:iron_ore":44,"minecraft:wheat":15,"minecraft:sweet_berry_bush":1,"minecraft:spruce_log":3,"minecraft:andesite":5,"minecraft:orange_tulip":1,"minecraft:white_wall_banner":1,"minecraft:bee_nest":1,"minecraft:yellow_bed":2,"minecraft:oak_log":154,"minecraft:potatoes":3,"minecraft:coal_ore":177,"minecraft:deepslate_iron_ore":3,"minecraft:oak_stairs":2,"minecraft:dripstone_block":1,"minecraft:gravel":30,"minecraft:dirt":23,"minecraft:stripped_oak_log":5,"minecraft:stone":240,"minecraft:oak_leaves":26,"minecraft:deepslate":3},"minecraft:killed":{"minecraft:skeleton":1,"minecraft:sheep":1,"minecraft:zombie":11},"minecraft:dropped":{"minecraft:cooked_mutton":2,"minecraft:coal":5,"minecraft:stick":2,"minecraft:andesite":3},"minecraft:used":{"minecraft:cooked_mutton":4,"minecraft:oak_fence":1,"minecraft:wheat_seeds":15,"minecraft:glass_bottle":1,"minecraft:stone_shovel":5,"minecraft:stone_pickaxe":526,"minecraft:baked_potato":3,"minecraft:wooden_pickaxe":4,"minecraft:rotten_flesh":1,"minecraft:oak_door":1,"minecraft:torch":173,"minecraft:dirt":10,"minecraft:crafting_table":7,"minecraft:carrot":28,"minecraft:stone_brick_wall":2,"minecraft:honey_bottle":2,"minecraft:spruce_boat":9,"minecraft:wooden_axe":13,"minecraft:oak_stairs":2,"minecraft:bread":11,"minecraft:gravel":16,"minecraft:stone_axe":170,"minecraft:cobblestone":45,"minecraft:oak_sapling":3,"minecraft:sweet_berries":29,"minecraft:white_banner":2,"minecraft:furnace":1,"minecraft:cooked_porkchop":1,"minecraft:yellow_bed":1,"minecraft:egg":1,"minecraft:stripped_oak_log":5,"minecraft:potato":5,"minecraft:coarse_dirt":4},"minecraft:killed_by":{"minecraft:player":7,"minecraft:skeleton":2,"minecraft:drowned":1},"minecraft:broken":{"minecraft:stone_pickaxe":3,"minecraft:stone_axe":1,"minecraft:leather_leggings":1},"minecraft:picked_up":{"minecraft:stripped_oak_log":5,"minecraft:crafting_table":8,"minecraft:coarse_dirt":6,"minecraft:wheat":14,"minecraft:feather":4,"minecraft:magma_cream":1,"minecraft:andesite":3,"minecraft:oak_stairs":2,"minecraft:potato":9,"minecraft:filled_map":1,"minecraft:flint":2,"minecraft:tuff":42,"minecraft:oak_log":154,"minecraft:yellow_bed":1,"minecraft:paper":23,"minecraft:map":1,"minecraft:dirt":56,"minecraft:white_banner":1,"minecraft:raw_copper":8,"minecraft:bone":2,"minecraft:orange_tulip":1,"minecraft:wheat_seeds":40,"minecraft:gold_nugget":1,"minecraft:cobbled_deepslate":3,"minecraft:sugar_cane":14,"minecraft:egg":1,"minecraft:stick":5,"minecraft:raw_iron":46,"minecraft:cooked_porkchop":1,"minecraft:oak_door":1,"minecraft:oak_fence":1,"minecraft:torch":4,"minecraft:gravel":28,"minecraft:sand":2,"minecraft:carrot":33,"minecraft:spruce_log":3,"minecraft:arrow":4,"minecraft:rotten_flesh":14,"minecraft:spruce_boat":9,"minecraft:hay_block":19,"minecraft:oak_sapling":7,"minecraft:mutton":1,"minecraft:coal":248,"minecraft:white_wool":1,"minecraft:cobblestone":240}},"DataVersion":3953}