{"stats":{"minecraft:dropped":{"minecraft:wheat_seeds":1,"minecraft:leather_helmet":1},"minecraft:mined":{"minecraft:spruce_planks":8,"minecraft:furnace":3,"minecraft:iron_ore":2,"minecraft:sweet_berry_bush":17,"minecraft:spruce_log":7,"minecraft:crafting_table":3,"minecraft:grass_block":2,"minecraft:coal_ore":9,"minecraft:lantern":8,"minecraft:packed_ice":8,"minecraft:spruce_leaves":4,"minecraft:stone":18,"minecraft:fern":2},"minecraft:crafted":{"minecraft:crafting_table":1,"minecraft:spruce_planks":20,"minecraft:stick":8,"minecraft:wooden_pickaxe":1,"minecraft:stone_pickaxe":1,"minecraft:furnace":1,"minecraft:stone_axe":1},"minecraft:used":{"minecraft:leather_leggings":1,"minecraft:stone_pickaxe":18,"minecraft:spruce_planks":8,"minecraft:leather_helmet":1,"minecraft:wooden_pickaxe":23,"minecraft:leather_boots":1,"minecraft:stone_axe":12,"minecraft:sweet_berries":36,"minecraft:crafting_table":3,"minecraft:furnace":1},"minecraft:picked_up":{"minecraft:raw_iron":2,"minecraft:stick":2,"minecraft:crafting_table":3,"minecraft:sweet_berries":36,"minecraft:spruce_log":7,"minecraft:dirt":2,"minecraft:lantern":8,"minecraft:wheat_seeds":1,"minecraft:spruce_planks":8,"minecraft:rabbit":1,"minecraft:coal":9,"minecraft:cobblestone":18,"minecraft:furnace":3},"minecraft:custom":{"minecraft:time_since_rest":1770,"minecraft:interact_with_furnace":1,"minecraft:sprint_one_cm":43504,"minecraft:damage_taken":348,"minecraft:walk_one_cm":41692,"minecraft:drop":2,"minecraft:damage_dealt":316,"minecraft:swim_one_cm":5016,"minecraft:interact_with_crafting_table":4,"minecraft:talked_to_villager":5,"minecraft:fly_one_cm":78638,"minecraft:open_chest":4,"minecraft:crouch_one_cm":5487,"minecraft:play_time":21019,"minecraft:sneak_time":1801,"minecraft:walk_under_water_one_cm":2216,"minecraft:boat_one_cm":93696,"minecraft:jump":369,"minecraft:leave_game":5,"minecraft:time_since_death":21019,"minecraft:walk_on_water_one_cm":2114,"minecraft:sleep_in_bed":3,"minecraft:total_world_time":21019,"minecraft:fall_one_cm":7858}},"DataVersion":3953}