{"stats":{"minecraft:dropped":{"minecraft:wheat_seeds":1,"minecraft:leather_helmet":1},"minecraft:mined":{"minecraft:coal_ore":2,"minecraft:packed_ice":8,"minecraft:sweet_berry_bush":14,"minecraft:spruce_leaves":4,"minecraft:spruce_log":7,"minecraft:crafting_table":1,"minecraft:fern":2},"minecraft:crafted":{"minecraft:crafting_table":1,"minecraft:spruce_planks":20,"minecraft:stick":4,"minecraft:wooden_pickaxe":1},"minecraft:used":{"minecraft:leather_leggings":1,"minecraft:crafting_table":1,"minecraft:sweet_berries":24,"minecraft:spruce_planks":8,"minecraft:leather_helmet":1,"minecraft:wooden_pickaxe":2,"minecraft:leather_boots":1},"minecraft:picked_up":{"minecraft:crafting_table":1,"minecraft:sweet_berries":36,"minecraft:wheat_seeds":1,"minecraft:spruce_log":7,"minecraft:coal":2},"minecraft:custom":{"minecraft:time_since_rest":12074,"minecraft:open_chest":3,"minecraft:crouch_one_cm":2594,"minecraft:play_time":12074,"minecraft:sprint_one_cm":28429,"minecraft:damage_taken":231,"minecraft:walk_one_cm":23274,"minecraft:sneak_time":708,"minecraft:walk_under_water_one_cm":2216,"minecraft:drop":2,"minecraft:boat_one_cm":93696,"minecraft:jump":230,"minecraft:damage_dealt":136,"minecraft:leave_game":2,"minecraft:time_since_death":12074,"minecraft:walk_on_water_one_cm":2114,"minecraft:total_world_time":12074,"minecraft:swim_one_cm":5016,"minecraft:interact_with_crafting_table":2,"minecraft:fall_one_cm":5084,"minecraft:fly_one_cm":51671}},"DataVersion":3953}