{"stats":{"minecraft:dropped":{"minecraft:gravel":12,"minecraft:wheat_seeds":2,"minecraft:iron_nugget":2,"minecraft:raw_copper":4,"minecraft:glass_bottle":1,"minecraft:cherry_sapling":1,"minecraft:cobblestone":4,"minecraft:rotten_flesh":2,"minecraft:grass_block":1,"minecraft:leather_helmet":1,"minecraft:stick":4,"minecraft:potion":1,"minecraft:leather_leggings":1,"minecraft:spruce_slab":3,"minecraft:dandelion":2},"minecraft:mined":{"minecraft:spruce_planks":8,"minecraft:white_bed":1,"minecraft:cherry_log":47,"minecraft:brewing_stand":1,"minecraft:crafting_table":6,"minecraft:grass_block":4,"minecraft:copper_ore":1,"minecraft:spruce_leaves":4,"minecraft:pink_petals":26,"minecraft:hay_block":4,"minecraft:furnace":4,"minecraft:iron_ore":2,"minecraft:sweet_berry_bush":19,"minecraft:spruce_log":14,"minecraft:birch_leaves":3,"minecraft:orange_tulip":3,"minecraft:red_tulip":3,"minecraft:coal_ore":15,"minecraft:cherry_leaves":4,"minecraft:lantern":11,"minecraft:gravel":2,"minecraft:dirt":5,"minecraft:packed_ice":8,"minecraft:stone":23,"minecraft:white_tulip":6,"minecraft:oak_leaves":2,"minecraft:spruce_slab":3,"minecraft:fern":2},"minecraft:killed":{"minecraft:pig":4,"minecraft:sheep":2,"minecraft:zombie":1,"minecraft:drowned":1,"minecraft:enderman":1},"minecraft:crafted":{"minecraft:crafting_table":1,"minecraft:spruce_planks":20,"minecraft:wooden_pickaxe":1,"minecraft:baked_potato":10,"minecraft:furnace":1,"minecraft:bucket":2,"minecraft:stone_axe":1,"minecraft:air":0,"minecraft:stick":8,"minecraft:iron_ingot":1,"minecraft:stone_pickaxe":1,"minecraft:white_bed":1},"minecraft:used":{"minecraft:water_bucket":7,"minecraft:leather_leggings":1,"minecraft:glass_bottle":2,"minecraft:stone_pickaxe":50,"minecraft:baked_potato":10,"minecraft:spruce_planks":8,"minecraft:wooden_pickaxe":23,"minecraft:leather_boots":1,"minecraft:dirt":9,"minecraft:crafting_table":7,"minecraft:white_bed":1,"minecraft:snowball":9,"minecraft:milk_bucket":1,"minecraft:spruce_boat":3,"minecraft:lava_bucket":6,"minecraft:leather_helmet":1,"minecraft:stone_axe":131,"minecraft:cobblestone":5,"minecraft:potion":3,"minecraft:sweet_berries":54,"minecraft:furnace":1,"minecraft:bucket":15,"minecraft:cooked_beef":2},"minecraft:custom":{"minecraft:interact_with_furnace":8,"minecraft:mob_kills":9,"minecraft:interact_with_crafting_table":9,"minecraft:leave_game":7,"minecraft:time_since_death":68933,"minecraft:sleep_in_bed":4,"minecraft:climb_one_cm":1086,"minecraft:time_since_rest":9342,"minecraft:sprint_one_cm":174799,"minecraft:damage_taken":746,"minecraft:walk_one_cm":129006,"minecraft:drop":18,"minecraft:damage_dealt":1740,"minecraft:swim_one_cm":35868,"minecraft:talked_to_villager":7,"minecraft:fly_one_cm":336893,"minecraft:open_chest":11,"minecraft:crouch_one_cm":9359,"minecraft:play_time":68933,"minecraft:sneak_time":3086,"minecraft:walk_under_water_one_cm":19156,"minecraft:boat_one_cm":331080,"minecraft:jump":1551,"minecraft:walk_on_water_one_cm":14581,"minecraft:total_world_time":68933,"minecraft:fall_one_cm":42782,"minecraft:horse_one_cm":834},"minecraft:picked_up":{"minecraft:pink_petals":62,"minecraft:crafting_table":7,"minecraft:cooked_beef":8,"minecraft:leather_leggings":1,"minecraft:leather":4,"minecraft:potion":1,"minecraft:flint":2,"minecraft:brewing_stand":1,"minecraft:dirt":9,"minecraft:lantern":11,"minecraft:raw_copper":4,"minecraft:cooked_mutton":2,"minecraft:orange_tulip":3,"minecraft:wheat_seeds":2,"minecraft:spruce_planks":8,"minecraft:white_tulip":6,"minecraft:iron_nugget":1,"minecraft:rabbit":1,"minecraft:spruce_slab":3,"minecraft:furnace":4,"minecraft:stick":4,"minecraft:raw_iron":2,"minecraft:sweet_berries":54,"minecraft:dandelion":2,"minecraft:gravel":12,"minecraft:porkchop":9,"minecraft:cherry_log":46,"minecraft:spruce_sapling":4,"minecraft:spruce_log":13,"minecraft:grass_block":1,"minecraft:rotten_flesh":2,"minecraft:spruce_boat":4,"minecraft:hay_block":4,"minecraft:cherry_sapling":1,"minecraft:mutton":2,"minecraft:snowball":9,"minecraft:coal":22,"minecraft:white_wool":3,"minecraft:cobblestone":23}},"DataVersion":3953}