{"stats":{"minecraft:dropped":{"minecraft:wheat_seeds":1,"minecraft:leather_leggings":1,"minecraft:grass_block":1,"minecraft:leather_helmet":1},"minecraft:mined":{"minecraft:spruce_planks":8,"minecraft:furnace":4,"minecraft:iron_ore":2,"minecraft:sweet_berry_bush":19,"minecraft:spruce_log":14,"minecraft:crafting_table":4,"minecraft:grass_block":4,"minecraft:coal_ore":11,"minecraft:lantern":11,"minecraft:dirt":5,"minecraft:packed_ice":8,"minecraft:spruce_leaves":4,"minecraft:stone":23,"minecraft:spruce_slab":3,"minecraft:fern":2},"minecraft:killed":{"minecraft:drowned":1,"minecraft:enderman":1},"minecraft:crafted":{"minecraft:crafting_table":1,"minecraft:spruce_planks":20,"minecraft:stick":8,"minecraft:baked_potato":10,"minecraft:wooden_pickaxe":1,"minecraft:stone_pickaxe":1,"minecraft:furnace":1,"minecraft:bucket":1,"minecraft:stone_axe":1,"minecraft:air":0},"minecraft:used":{"minecraft:spruce_boat":2,"minecraft:leather_leggings":1,"minecraft:stone_pickaxe":32,"minecraft:baked_potato":9,"minecraft:spruce_planks":8,"minecraft:leather_helmet":1,"minecraft:wooden_pickaxe":23,"minecraft:leather_boots":1,"minecraft:stone_axe":32,"minecraft:dirt":9,"minecraft:cobblestone":5,"minecraft:sweet_berries":36,"minecraft:crafting_table":4,"minecraft:furnace":1,"minecraft:bucket":1},"minecraft:picked_up":{"minecraft:raw_iron":2,"minecraft:stick":4,"minecraft:crafting_table":4,"minecraft:sweet_berries":54,"minecraft:leather_leggings":1,"minecraft:spruce_sapling":4,"minecraft:grass_block":1,"minecraft:spruce_log":13,"minecraft:dirt":9,"minecraft:lantern":11,"minecraft:rotten_flesh":2,"minecraft:spruce_boat":2,"minecraft:wheat_seeds":1,"minecraft:spruce_planks":8,"minecraft:spruce_slab":3,"minecraft:rabbit":1,"minecraft:snowball":9,"minecraft:coal":18,"minecraft:cobblestone":23,"minecraft:furnace":4},"minecraft:custom":{"minecraft:time_since_rest":25770,"minecraft:interact_with_furnace":8,"minecraft:sprint_one_cm":105836,"minecraft:damage_taken":587,"minecraft:walk_one_cm":80577,"minecraft:mob_kills":2,"minecraft:drop":4,"minecraft:damage_dealt":987,"minecraft:swim_one_cm":19720,"minecraft:interact_with_crafting_table":5,"minecraft:talked_to_villager":5,"minecraft:fly_one_cm":210987,"minecraft:open_chest":9,"minecraft:crouch_one_cm":7992,"minecraft:play_time":45019,"minecraft:sneak_time":2505,"minecraft:walk_under_water_one_cm":9736,"minecraft:boat_one_cm":247262,"minecraft:jump":977,"minecraft:leave_game":5,"minecraft:time_since_death":45019,"minecraft:walk_on_water_one_cm":9892,"minecraft:sleep_in_bed":3,"minecraft:total_world_time":45019,"minecraft:fall_one_cm":26444}},"DataVersion":3953}