{"stats":{"minecraft:dropped":{"minecraft:gravel":12,"minecraft:stone_axe":1,"minecraft:wheat_seeds":2,"minecraft:iron_nugget":2,"minecraft:raw_copper":4,"minecraft:glass_bottle":1,"minecraft:cherry_sapling":1,"minecraft:cobblestone":4,"minecraft:rotten_flesh":2,"minecraft:grass_block":1,"minecraft:leather_helmet":1,"minecraft:stick":6,"minecraft:flint":2,"minecraft:dirt":6,"minecraft:potion":1,"minecraft:leather_leggings":1,"minecraft:spruce_slab":3,"minecraft:dandelion":2},"minecraft:mined":{"minecraft:spruce_planks":8,"minecraft:white_bed":1,"minecraft:deepslate_diamond_ore":3,"minecraft:cherry_log":47,"minecraft:brewing_stand":1,"minecraft:crafting_table":7,"minecraft:grass_block":9,"minecraft:copper_ore":1,"minecraft:spruce_leaves":4,"minecraft:wall_torch":1,"minecraft:pink_petals":26,"minecraft:hay_block":4,"minecraft:furnace":4,"minecraft:iron_ore":4,"minecraft:sweet_berry_bush":19,"minecraft:spruce_log":14,"minecraft:birch_leaves":3,"minecraft:orange_tulip":3,"minecraft:red_tulip":3,"minecraft:coal_ore":37,"minecraft:cherry_leaves":4,"minecraft:lantern":11,"minecraft:gravel":2,"minecraft:dirt":8,"minecraft:packed_ice":8,"minecraft:white_tulip":6,"minecraft:stone":32,"minecraft:deepslate":2,"minecraft:oak_leaves":2,"minecraft:spruce_slab":3,"minecraft:fern":2},"minecraft:killed":{"minecraft:pig":4,"minecraft:skeleton":1,"minecraft:sheep":2,"minecraft:zombie":4,"minecraft:drowned":1,"minecraft:enderman":1},"minecraft:crafted":{"minecraft:cooked_porkchop":9,"minecraft:crafting_table":1,"minecraft:spruce_planks":24,"minecraft:wooden_pickaxe":1,"minecraft:baked_potato":18,"minecraft:furnace":1,"minecraft:bucket":2,"minecraft:stone_axe":1,"minecraft:cooked_mutton":2,"minecraft:bread":12,"minecraft:air":0,"minecraft:iron_axe":1,"minecraft:stick":16,"minecraft:iron_ingot":5,"minecraft:iron_pickaxe":1,"minecraft:stone_pickaxe":1,"minecraft:white_bed":1,"minecraft:wheat":36},"minecraft:used":{"minecraft:water_bucket":49,"minecraft:leather_leggings":1,"minecraft:glass_bottle":2,"minecraft:stone_pickaxe":60,"minecraft:baked_potato":10,"minecraft:spruce_planks":8,"minecraft:wooden_pickaxe":23,"minecraft:leather_boots":1,"minecraft:torch":1,"minecraft:dirt":11,"minecraft:crafting_table":9,"minecraft:white_bed":1,"minecraft:snowball":9,"minecraft:milk_bucket":1,"minecraft:spruce_boat":5,"minecraft:lava_bucket":11,"minecraft:lantern":3,"minecraft:iron_axe":9,"minecraft:iron_pickaxe":32,"minecraft:leather_helmet":1,"minecraft:stone_axe":131,"minecraft:potion":3,"minecraft:cobblestone":5,"minecraft:sweet_berries":54,"minecraft:furnace":5,"minecraft:bucket":62,"minecraft:cooked_beef":6},"minecraft:custom":{"minecraft:interact_with_furnace":26,"minecraft:mob_kills":13,"minecraft:interact_with_crafting_table":13,"minecraft:leave_game":8,"minecraft:time_since_death":91798,"minecraft:sleep_in_bed":4,"minecraft:climb_one_cm":1086,"minecraft:time_since_rest":32207,"minecraft:sprint_one_cm":227148,"minecraft:damage_taken":999,"minecraft:walk_one_cm":169212,"minecraft:drop":23,"minecraft:damage_dealt":2390,"minecraft:swim_one_cm":38885,"minecraft:talked_to_villager":7,"minecraft:fly_one_cm":422613,"minecraft:open_chest":21,"minecraft:crouch_one_cm":17907,"minecraft:play_time":91798,"minecraft:sneak_time":5401,"minecraft:walk_under_water_one_cm":36021,"minecraft:boat_one_cm":340145,"minecraft:jump":1980,"minecraft:walk_on_water_one_cm":22365,"minecraft:total_world_time":91798,"minecraft:fall_one_cm":56026,"minecraft:horse_one_cm":834},"minecraft:picked_up":{"minecraft:pink_petals":62,"minecraft:crafting_table":8,"minecraft:cooked_beef":8,"minecraft:glow_ink_sac":2,"minecraft:leather_leggings":1,"minecraft:leather":4,"minecraft:potion":1,"minecraft:flint":2,"minecraft:brewing_stand":1,"minecraft:dirt":22,"minecraft:lantern":11,"minecraft:raw_copper":4,"minecraft:cooked_mutton":2,"minecraft:bone":1,"minecraft:orange_tulip":3,"minecraft:wheat_seeds":2,"minecraft:cobbled_deepslate":2,"minecraft:spruce_planks":8,"minecraft:iron_ingot":1,"minecraft:white_tulip":6,"minecraft:iron_nugget":1,"minecraft:spruce_slab":3,"minecraft:rabbit":1,"minecraft:furnace":4,"minecraft:stick":6,"minecraft:raw_iron":4,"minecraft:cooked_porkchop":3,"minecraft:sweet_berries":54,"minecraft:torch":2,"minecraft:dandelion":2,"minecraft:gravel":12,"minecraft:porkchop":9,"minecraft:cherry_log":46,"minecraft:spruce_sapling":4,"minecraft:grass_block":1,"minecraft:spruce_log":13,"minecraft:diamond":3,"minecraft:arrow":1,"minecraft:rotten_flesh":4,"minecraft:spruce_boat":6,"minecraft:hay_block":4,"minecraft:cherry_sapling":1,"minecraft:mutton":2,"minecraft:coal":44,"minecraft:snowball":9,"minecraft:white_wool":3,"minecraft:cobblestone":30}},"DataVersion":3953}