{"stats":{"minecraft:dropped":{"minecraft:gravel":12,"minecraft:stone_axe":1,"minecraft:wheat_seeds":2,"minecraft:iron_nugget":2,"minecraft:raw_copper":4,"minecraft:glass_bottle":1,"minecraft:cherry_sapling":1,"minecraft:cobblestone":4,"minecraft:rotten_flesh":2,"minecraft:grass_block":1,"minecraft:leather_helmet":1,"minecraft:stick":6,"minecraft:flint":2,"minecraft:dirt":6,"minecraft:potion":1,"minecraft:leather_leggings":1,"minecraft:spruce_slab":3,"minecraft:dandelion":2},"minecraft:mined":{"minecraft:spruce_planks":8,"minecraft:white_bed":1,"minecraft:deepslate_diamond_ore":7,"minecraft:cherry_log":47,"minecraft:obsidian":8,"minecraft:brewing_stand":1,"minecraft:crafting_table":8,"minecraft:grass_block":9,"minecraft:copper_ore":1,"minecraft:spruce_leaves":4,"minecraft:deepslate_gold_ore":13,"minecraft:wall_torch":2,"minecraft:pink_petals":26,"minecraft:hay_block":4,"minecraft:furnace":4,"minecraft:iron_ore":4,"minecraft:sweet_berry_bush":19,"minecraft:spruce_log":14,"minecraft:birch_leaves":3,"minecraft:orange_tulip":3,"minecraft:red_tulip":3,"minecraft:coal_ore":37,"minecraft:deepslate_iron_ore":6,"minecraft:lantern":11,"minecraft:cherry_leaves":4,"minecraft:gravel":2,"minecraft:dirt":8,"minecraft:packed_ice":8,"minecraft:stone":32,"minecraft:white_tulip":6,"minecraft:oak_leaves":2,"minecraft:deepslate":5,"minecraft:spruce_slab":3,"minecraft:fern":2},"minecraft:killed":{"minecraft:pig":4,"minecraft:spider":1,"minecraft:creeper":3,"minecraft:skeleton":3,"minecraft:sheep":2,"minecraft:zombie":14,"minecraft:drowned":1,"minecraft:enderman":1},"minecraft:crafted":{"minecraft:cooked_porkchop":9,"minecraft:crafting_table":2,"minecraft:spruce_planks":28,"minecraft:baked_potato":18,"minecraft:wooden_pickaxe":1,"minecraft:furnace":1,"minecraft:bucket":2,"minecraft:stone_axe":1,"minecraft:bread":12,"minecraft:cooked_mutton":2,"minecraft:air":0,"minecraft:diamond_pickaxe":1,"minecraft:iron_axe":1,"minecraft:stick":16,"minecraft:iron_ingot":5,"minecraft:iron_pickaxe":1,"minecraft:stone_pickaxe":1,"minecraft:white_bed":1,"minecraft:wheat":36},"minecraft:used":{"minecraft:cooked_mutton":3,"minecraft:water_bucket":65,"minecraft:leather_leggings":1,"minecraft:baked_potato":10,"minecraft:glass_bottle":2,"minecraft:stone_pickaxe":60,"minecraft:spruce_planks":8,"minecraft:wooden_pickaxe":23,"minecraft:leather_boots":1,"minecraft:torch":2,"minecraft:dirt":12,"minecraft:crafting_table":10,"minecraft:white_bed":1,"minecraft:snowball":9,"minecraft:milk_bucket":1,"minecraft:spruce_boat":5,"minecraft:diamond_pickaxe":18,"minecraft:lava_bucket":11,"minecraft:lantern":3,"minecraft:iron_axe":49,"minecraft:iron_pickaxe":48,"minecraft:leather_helmet":1,"minecraft:cobblestone":8,"minecraft:stone_axe":131,"minecraft:potion":3,"minecraft:sweet_berries":54,"minecraft:furnace":5,"minecraft:bucket":78,"minecraft:cooked_beef":8},"minecraft:custom":{"minecraft:interact_with_furnace":26,"minecraft:mob_kills":29,"minecraft:interact_with_crafting_table":14,"minecraft:leave_game":10,"minecraft:time_since_death":103778,"minecraft:sleep_in_bed":4,"minecraft:climb_one_cm":1086,"minecraft:time_since_rest":44187,"minecraft:sprint_one_cm":256790,"minecraft:damage_taken":1339,"minecraft:walk_one_cm":199704,"minecraft:drop":23,"minecraft:damage_dealt":5868,"minecraft:swim_one_cm":42323,"minecraft:talked_to_villager":7,"minecraft:fly_one_cm":467844,"minecraft:open_chest":21,"minecraft:crouch_one_cm":21919,"minecraft:play_time":103778,"minecraft:sneak_time":8093,"minecraft:walk_under_water_one_cm":38179,"minecraft:boat_one_cm":340145,"minecraft:jump":2251,"minecraft:walk_on_water_one_cm":29510,"minecraft:fall_one_cm":62563,"minecraft:total_world_time":103778,"minecraft:horse_one_cm":834},"minecraft:picked_up":{"minecraft:pink_petals":62,"minecraft:crafting_table":9,"minecraft:cooked_beef":8,"minecraft:glow_ink_sac":6,"minecraft:leather_leggings":1,"minecraft:leather":4,"minecraft:potion":1,"minecraft:flint":2,"minecraft:brewing_stand":1,"minecraft:gunpowder":2,"minecraft:string":2,"minecraft:dirt":22,"minecraft:lantern":11,"minecraft:raw_copper":4,"minecraft:cooked_mutton":2,"minecraft:bone":3,"minecraft:wheat_seeds":2,"minecraft:orange_tulip":3,"minecraft:cobbled_deepslate":5,"minecraft:raw_gold":13,"minecraft:spruce_planks":8,"minecraft:iron_ingot":1,"minecraft:white_tulip":6,"minecraft:iron_nugget":1,"minecraft:spruce_slab":3,"minecraft:rabbit":1,"minecraft:furnace":4,"minecraft:stick":6,"minecraft:raw_iron":9,"minecraft:cooked_porkchop":3,"minecraft:sweet_berries":54,"minecraft:torch":3,"minecraft:dandelion":2,"minecraft:gravel":12,"minecraft:porkchop":9,"minecraft:cherry_log":46,"minecraft:spruce_sapling":4,"minecraft:grass_block":1,"minecraft:spruce_log":13,"minecraft:spider_eye":1,"minecraft:arrow":2,"minecraft:rotten_flesh":8,"minecraft:diamond":7,"minecraft:spruce_boat":6,"minecraft:hay_block":4,"minecraft:cherry_sapling":1,"minecraft:obsidian":7,"minecraft:mutton":2,"minecraft:coal":44,"minecraft:snowball":9,"minecraft:white_wool":3,"minecraft:cobblestone":30}},"DataVersion":3953}