{"stats":{"minecraft:dropped":{"minecraft:wheat_seeds":1,"minecraft:grass_block":1,"minecraft:leather_helmet":1},"minecraft:mined":{"minecraft:spruce_planks":8,"minecraft:furnace":4,"minecraft:iron_ore":2,"minecraft:sweet_berry_bush":17,"minecraft:spruce_log":7,"minecraft:crafting_table":3,"minecraft:grass_block":2,"minecraft:coal_ore":9,"minecraft:lantern":11,"minecraft:packed_ice":8,"minecraft:spruce_leaves":4,"minecraft:stone":18,"minecraft:fern":2},"minecraft:killed":{"minecraft:enderman":1},"minecraft:crafted":{"minecraft:crafting_table":1,"minecraft:spruce_planks":20,"minecraft:stick":8,"minecraft:baked_potato":10,"minecraft:wooden_pickaxe":1,"minecraft:stone_pickaxe":1,"minecraft:furnace":1,"minecraft:stone_axe":1,"minecraft:air":0},"minecraft:used":{"minecraft:leather_leggings":1,"minecraft:stone_pickaxe":23,"minecraft:baked_potato":6,"minecraft:spruce_planks":8,"minecraft:leather_helmet":1,"minecraft:wooden_pickaxe":23,"minecraft:leather_boots":1,"minecraft:stone_axe":15,"minecraft:sweet_berries":36,"minecraft:crafting_table":3,"minecraft:furnace":1},"minecraft:picked_up":{"minecraft:raw_iron":2,"minecraft:stick":4,"minecraft:crafting_table":3,"minecraft:sweet_berries":36,"minecraft:spruce_sapling":4,"minecraft:grass_block":1,"minecraft:spruce_log":7,"minecraft:dirt":2,"minecraft:lantern":11,"minecraft:wheat_seeds":1,"minecraft:spruce_planks":8,"minecraft:rabbit":1,"minecraft:snowball":8,"minecraft:coal":16,"minecraft:cobblestone":18,"minecraft:furnace":4},"minecraft:custom":{"minecraft:time_since_rest":13770,"minecraft:interact_with_furnace":8,"minecraft:sprint_one_cm":86018,"minecraft:damage_taken":493,"minecraft:walk_one_cm":65385,"minecraft:mob_kills":1,"minecraft:drop":3,"minecraft:damage_dealt":656,"minecraft:swim_one_cm":6786,"minecraft:interact_with_crafting_table":4,"minecraft:talked_to_villager":5,"minecraft:fly_one_cm":174201,"minecraft:open_chest":4,"minecraft:crouch_one_cm":6224,"minecraft:play_time":33019,"minecraft:sneak_time":1941,"minecraft:walk_under_water_one_cm":2318,"minecraft:boat_one_cm":131402,"minecraft:jump":772,"minecraft:leave_game":5,"minecraft:time_since_death":33019,"minecraft:walk_on_water_one_cm":3031,"minecraft:sleep_in_bed":3,"minecraft:total_world_time":33019,"minecraft:fall_one_cm":22253}},"DataVersion":3953}