{"stats":{"minecraft:dropped":{"minecraft:wheat_seeds":2,"minecraft:glass_bottle":1,"minecraft:cobblestone":4,"minecraft:amethyst_block":2,"minecraft:grass_block":1,"minecraft:leather_helmet":1,"minecraft:stick":6,"minecraft:flint":2,"minecraft:dirt":6,"minecraft:potion":1,"minecraft:dandelion":2,"minecraft:gravel":13,"minecraft:stone_axe":1,"minecraft:iron_nugget":2,"minecraft:raw_copper":4,"minecraft:cherry_sapling":1,"minecraft:rotten_flesh":2,"minecraft:leather_leggings":1,"minecraft:spruce_slab":3},"minecraft:mined":{"minecraft:spruce_planks":8,"minecraft:white_bed":1,"minecraft:deepslate_diamond_ore":20,"minecraft:cherry_log":47,"minecraft:brewing_stand":1,"minecraft:obsidian":8,"minecraft:budding_amethyst":1,"minecraft:grass_block":9,"minecraft:spruce_leaves":4,"minecraft:hay_block":4,"minecraft:furnace":4,"minecraft:iron_ore":4,"minecraft:andesite":3,"minecraft:deepslate_lapis_ore":5,"minecraft:red_tulip":3,"minecraft:deepslate_iron_ore":13,"minecraft:lantern":11,"minecraft:packed_ice":8,"minecraft:white_tulip":6,"minecraft:stone":73,"minecraft:spruce_slab":3,"minecraft:amethyst_cluster":2,"minecraft:torch":1,"minecraft:crafting_table":8,"minecraft:calcite":198,"minecraft:copper_ore":1,"minecraft:deepslate_gold_ore":17,"minecraft:diorite":6,"minecraft:wall_torch":3,"minecraft:amethyst_block":2,"minecraft:pink_petals":26,"minecraft:sweet_berry_bush":19,"minecraft:spruce_log":14,"minecraft:birch_leaves":3,"minecraft:orange_tulip":3,"minecraft:coal_ore":62,"minecraft:cherry_leaves":4,"minecraft:gravel":3,"minecraft:dirt":8,"minecraft:smooth_basalt":2,"minecraft:oak_leaves":2,"minecraft:deepslate":20,"minecraft:fern":2},"minecraft:killed":{"minecraft:spider":1,"minecraft:skeleton":3,"minecraft:drowned":1,"minecraft:pig":4,"minecraft:creeper":3,"minecraft:sheep":2,"minecraft:zombie":16,"minecraft:enderman":1},"minecraft:broken":{"minecraft:leather_helmet":1},"minecraft:crafted":{"minecraft:furnace":1,"minecraft:cooked_mutton":2,"minecraft:iron_axe":1,"minecraft:stone_pickaxe":1,"minecraft:wheat":36,"minecraft:cooked_porkchop":9,"minecraft:crafting_table":2,"minecraft:spruce_planks":28,"minecraft:wooden_pickaxe":1,"minecraft:baked_potato":18,"minecraft:bucket":2,"minecraft:stone_axe":1,"minecraft:bread":12,"minecraft:air":0,"minecraft:diamond_pickaxe":1,"minecraft:stick":16,"minecraft:iron_ingot":5,"minecraft:iron_pickaxe":1,"minecraft:white_bed":1},"minecraft:used":{"minecraft:spruce_planks":8,"minecraft:torch":4,"minecraft:dirt":13,"minecraft:snowball":9,"minecraft:milk_bucket":1,"minecraft:spruce_boat":5,"minecraft:lava_bucket":11,"minecraft:lantern":3,"minecraft:iron_axe":58,"minecraft:sweet_berries":54,"minecraft:furnace":5,"minecraft:cooked_beef":8,"minecraft:cobbled_deepslate":23,"minecraft:cooked_mutton":4,"minecraft:water_bucket":70,"minecraft:diorite":6,"minecraft:leather_leggings":1,"minecraft:glass_bottle":2,"minecraft:stone_pickaxe":60,"minecraft:baked_potato":10,"minecraft:wooden_pickaxe":23,"minecraft:leather_boots":1,"minecraft:crafting_table":10,"minecraft:white_bed":1,"minecraft:diamond_pickaxe":344,"minecraft:bread":9,"minecraft:iron_pickaxe":48,"minecraft:leather_helmet":1,"minecraft:stone_axe":131,"minecraft:cobblestone":36,"minecraft:potion":3,"minecraft:bucket":83},"minecraft:custom":{"minecraft:mob_kills":31,"minecraft:interact_with_crafting_table":14,"minecraft:leave_game":10,"minecraft:time_since_death":115778,"minecraft:climb_one_cm":1086,"minecraft:sprint_one_cm":289098,"minecraft:walk_one_cm":224317,"minecraft:drop":25,"minecraft:talked_to_villager":7,"minecraft:play_time":115778,"minecraft:sneak_time":9253,"minecraft:walk_under_water_one_cm":42569,"minecraft:boat_one_cm":340145,"minecraft:jump":2611,"minecraft:walk_on_water_one_cm":31688,"minecraft:total_world_time":115778,"minecraft:interact_with_furnace":26,"minecraft:sleep_in_bed":4,"minecraft:time_since_rest":56187,"minecraft:damage_taken":1873,"minecraft:damage_dealt":6668,"minecraft:swim_one_cm":43270,"minecraft:fly_one_cm":505697,"minecraft:open_chest":21,"minecraft:crouch_one_cm":26331,"minecraft:fall_one_cm":70087,"minecraft:horse_one_cm":834},"minecraft:picked_up":{"minecraft:crafting_table":9,"minecraft:leather_leggings":1,"minecraft:potion":1,"minecraft:brewing_stand":1,"minecraft:amethyst_block":2,"minecraft:string":2,"minecraft:raw_copper":4,"minecraft:cobbled_deepslate":23,"minecraft:spruce_planks":8,"minecraft:white_tulip":6,"minecraft:calcite":193,"minecraft:iron_nugget":1,"minecraft:spruce_slab":3,"minecraft:furnace":4,"minecraft:raw_iron":16,"minecraft:stick":6,"minecraft:torch":4,"minecraft:porkchop":9,"minecraft:cherry_log":46,"minecraft:diorite":6,"minecraft:arrow":3,"minecraft:rotten_flesh":9,"minecraft:hay_block":4,"minecraft:mutton":2,"minecraft:obsidian":7,"minecraft:cobblestone":71,"minecraft:snowball":9,"minecraft:white_wool":3,"minecraft:pink_petals":62,"minecraft:cooked_beef":8,"minecraft:glow_ink_sac":6,"minecraft:andesite":3,"minecraft:leather":4,"minecraft:flint":2,"minecraft:gunpowder":2,"minecraft:lantern":11,"minecraft:lapis_lazuli":28,"minecraft:dirt":22,"minecraft:cooked_mutton":2,"minecraft:bone":4,"minecraft:orange_tulip":3,"minecraft:wheat_seeds":2,"minecraft:raw_gold":16,"minecraft:iron_ingot":1,"minecraft:rabbit":1,"minecraft:smooth_basalt":4,"minecraft:cooked_porkchop":3,"minecraft:sweet_berries":54,"minecraft:dandelion":2,"minecraft:gravel":13,"minecraft:amethyst_shard":8,"minecraft:spruce_sapling":4,"minecraft:spruce_log":13,"minecraft:grass_block":1,"minecraft:spider_eye":1,"minecraft:diamond":20,"minecraft:spruce_boat":6,"minecraft:cherry_sapling":1,"minecraft:coal":68}},"DataVersion":3953}