{"stats":{"minecraft:custom":{"minecraft:jump":28,"minecraft:time_since_rest":2002,"minecraft:damage_taken":10,"minecraft:crouch_one_cm":54,"minecraft:leave_game":1,"minecraft:play_time":2002,"minecraft:sprint_one_cm":3959,"minecraft:time_since_death":2002,"minecraft:walk_on_water_one_cm":493,"minecraft:walk_one_cm":2890,"minecraft:sneak_time":26,"minecraft:total_world_time":2002,"minecraft:walk_under_water_one_cm":771,"minecraft:swim_one_cm":1861,"minecraft:fly_one_cm":11253}},"DataVersion":3953}