{"stats":{"minecraft:dropped":{"minecraft:gravel":12,"minecraft:stone_axe":1,"minecraft:wheat_seeds":2,"minecraft:iron_nugget":2,"minecraft:raw_copper":4,"minecraft:glass_bottle":1,"minecraft:cherry_sapling":1,"minecraft:cobblestone":4,"minecraft:rotten_flesh":2,"minecraft:grass_block":1,"minecraft:leather_helmet":1,"minecraft:stick":6,"minecraft:flint":2,"minecraft:dirt":6,"minecraft:potion":1,"minecraft:leather_leggings":1,"minecraft:spruce_slab":3,"minecraft:dandelion":2},"minecraft:mined":{"minecraft:spruce_planks":8,"minecraft:white_bed":1,"minecraft:cherry_log":47,"minecraft:brewing_stand":1,"minecraft:crafting_table":7,"minecraft:grass_block":7,"minecraft:copper_ore":1,"minecraft:spruce_leaves":4,"minecraft:pink_petals":26,"minecraft:hay_block":4,"minecraft:furnace":4,"minecraft:iron_ore":4,"minecraft:sweet_berry_bush":19,"minecraft:spruce_log":14,"minecraft:birch_leaves":3,"minecraft:orange_tulip":3,"minecraft:red_tulip":3,"minecraft:coal_ore":15,"minecraft:cherry_leaves":4,"minecraft:lantern":11,"minecraft:gravel":2,"minecraft:dirt":8,"minecraft:packed_ice":8,"minecraft:white_tulip":6,"minecraft:stone":27,"minecraft:oak_leaves":2,"minecraft:spruce_slab":3,"minecraft:fern":2},"minecraft:killed":{"minecraft:pig":4,"minecraft:sheep":2,"minecraft:zombie":1,"minecraft:drowned":1,"minecraft:enderman":1},"minecraft:crafted":{"minecraft:crafting_table":1,"minecraft:spruce_planks":20,"minecraft:wooden_pickaxe":1,"minecraft:baked_potato":10,"minecraft:furnace":1,"minecraft:bucket":2,"minecraft:stone_axe":1,"minecraft:air":0,"minecraft:iron_axe":1,"minecraft:stick":12,"minecraft:iron_ingot":1,"minecraft:stone_pickaxe":1,"minecraft:white_bed":1},"minecraft:used":{"minecraft:water_bucket":45,"minecraft:leather_leggings":1,"minecraft:glass_bottle":2,"minecraft:stone_pickaxe":60,"minecraft:baked_potato":10,"minecraft:spruce_planks":8,"minecraft:wooden_pickaxe":23,"minecraft:leather_boots":1,"minecraft:dirt":11,"minecraft:crafting_table":9,"minecraft:white_bed":1,"minecraft:snowball":9,"minecraft:milk_bucket":1,"minecraft:spruce_boat":4,"minecraft:lava_bucket":6,"minecraft:lantern":3,"minecraft:iron_axe":1,"minecraft:leather_helmet":1,"minecraft:stone_axe":131,"minecraft:potion":3,"minecraft:cobblestone":5,"minecraft:sweet_berries":54,"minecraft:furnace":5,"minecraft:bucket":53,"minecraft:cooked_beef":3},"minecraft:custom":{"minecraft:interact_with_furnace":15,"minecraft:mob_kills":9,"minecraft:interact_with_crafting_table":11,"minecraft:leave_game":8,"minecraft:time_since_death":79798,"minecraft:sleep_in_bed":4,"minecraft:climb_one_cm":1086,"minecraft:time_since_rest":20207,"minecraft:sprint_one_cm":198037,"minecraft:damage_taken":791,"minecraft:walk_one_cm":144230,"minecraft:drop":23,"minecraft:damage_dealt":1740,"minecraft:swim_one_cm":36926,"minecraft:talked_to_villager":7,"minecraft:fly_one_cm":377730,"minecraft:open_chest":13,"minecraft:crouch_one_cm":13318,"minecraft:play_time":79798,"minecraft:sneak_time":4231,"minecraft:walk_under_water_one_cm":35711,"minecraft:boat_one_cm":339328,"minecraft:jump":1743,"minecraft:walk_on_water_one_cm":19743,"minecraft:total_world_time":79798,"minecraft:fall_one_cm":47634,"minecraft:horse_one_cm":834},"minecraft:picked_up":{"minecraft:pink_petals":62,"minecraft:crafting_table":8,"minecraft:cooked_beef":8,"minecraft:leather_leggings":1,"minecraft:leather":4,"minecraft:potion":1,"minecraft:flint":2,"minecraft:brewing_stand":1,"minecraft:dirt":20,"minecraft:lantern":11,"minecraft:raw_copper":4,"minecraft:cooked_mutton":2,"minecraft:orange_tulip":3,"minecraft:wheat_seeds":2,"minecraft:spruce_planks":8,"minecraft:white_tulip":6,"minecraft:iron_nugget":1,"minecraft:spruce_slab":3,"minecraft:rabbit":1,"minecraft:furnace":4,"minecraft:stick":6,"minecraft:raw_iron":4,"minecraft:sweet_berries":54,"minecraft:dandelion":2,"minecraft:gravel":12,"minecraft:porkchop":9,"minecraft:cherry_log":46,"minecraft:spruce_sapling":4,"minecraft:grass_block":1,"minecraft:spruce_log":13,"minecraft:rotten_flesh":2,"minecraft:spruce_boat":5,"minecraft:hay_block":4,"minecraft:cherry_sapling":1,"minecraft:mutton":2,"minecraft:coal":22,"minecraft:snowball":9,"minecraft:white_wool":3,"minecraft:cobblestone":27}},"DataVersion":3953}