{"stats":{"minecraft:dropped":{"minecraft:wheat_seeds":1,"minecraft:raw_copper":4,"minecraft:grass_block":1,"minecraft:leather_helmet":1,"minecraft:potion":1,"minecraft:leather_leggings":1,"minecraft:spruce_slab":3},"minecraft:mined":{"minecraft:spruce_planks":8,"minecraft:crafting_table":5,"minecraft:grass_block":4,"minecraft:copper_ore":1,"minecraft:spruce_leaves":4,"minecraft:furnace":4,"minecraft:iron_ore":2,"minecraft:sweet_berry_bush":19,"minecraft:spruce_log":14,"minecraft:birch_leaves":3,"minecraft:orange_tulip":3,"minecraft:red_tulip":3,"minecraft:coal_ore":15,"minecraft:lantern":11,"minecraft:gravel":2,"minecraft:dirt":5,"minecraft:packed_ice":8,"minecraft:stone":23,"minecraft:white_tulip":6,"minecraft:oak_leaves":2,"minecraft:spruce_slab":3,"minecraft:fern":2},"minecraft:killed":{"minecraft:pig":4,"minecraft:drowned":1,"minecraft:enderman":1},"minecraft:crafted":{"minecraft:crafting_table":1,"minecraft:spruce_planks":20,"minecraft:wooden_pickaxe":1,"minecraft:baked_potato":10,"minecraft:furnace":1,"minecraft:bucket":2,"minecraft:stone_axe":1,"minecraft:air":0,"minecraft:stick":8,"minecraft:stone_pickaxe":1},"minecraft:used":{"minecraft:water_bucket":1,"minecraft:leather_leggings":1,"minecraft:glass_bottle":2,"minecraft:stone_pickaxe":49,"minecraft:baked_potato":10,"minecraft:spruce_planks":8,"minecraft:wooden_pickaxe":23,"minecraft:leather_boots":1,"minecraft:dirt":9,"minecraft:crafting_table":5,"minecraft:snowball":9,"minecraft:milk_bucket":1,"minecraft:spruce_boat":2,"minecraft:lava_bucket":6,"minecraft:leather_helmet":1,"minecraft:stone_axe":43,"minecraft:cobblestone":5,"minecraft:potion":3,"minecraft:sweet_berries":45,"minecraft:furnace":1,"minecraft:bucket":9},"minecraft:custom":{"minecraft:interact_with_furnace":8,"minecraft:mob_kills":6,"minecraft:interact_with_crafting_table":6,"minecraft:leave_game":7,"minecraft:time_since_death":57706,"minecraft:sleep_in_bed":3,"minecraft:time_since_rest":38457,"minecraft:sprint_one_cm":138204,"minecraft:damage_taken":651,"minecraft:walk_one_cm":100335,"minecraft:drop":7,"minecraft:damage_dealt":1387,"minecraft:swim_one_cm":32792,"minecraft:talked_to_villager":5,"minecraft:fly_one_cm":274221,"minecraft:open_chest":10,"minecraft:crouch_one_cm":8834,"minecraft:play_time":57706,"minecraft:sneak_time":2816,"minecraft:walk_under_water_one_cm":17679,"minecraft:boat_one_cm":318116,"minecraft:jump":1239,"minecraft:walk_on_water_one_cm":11881,"minecraft:total_world_time":57706,"minecraft:fall_one_cm":31065,"minecraft:horse_one_cm":834},"minecraft:picked_up":{"minecraft:crafting_table":5,"minecraft:cooked_beef":8,"minecraft:leather_leggings":1,"minecraft:leather":4,"minecraft:potion":1,"minecraft:flint":2,"minecraft:dirt":9,"minecraft:lantern":11,"minecraft:raw_copper":4,"minecraft:orange_tulip":3,"minecraft:wheat_seeds":1,"minecraft:spruce_planks":8,"minecraft:white_tulip":6,"minecraft:rabbit":1,"minecraft:spruce_slab":3,"minecraft:furnace":4,"minecraft:stick":4,"minecraft:raw_iron":2,"minecraft:sweet_berries":54,"minecraft:gravel":12,"minecraft:porkchop":9,"minecraft:spruce_sapling":4,"minecraft:spruce_log":13,"minecraft:grass_block":1,"minecraft:rotten_flesh":2,"minecraft:spruce_boat":3,"minecraft:snowball":9,"minecraft:coal":22,"minecraft:cobblestone":23}},"DataVersion":3953}