{"stats":{"minecraft:dropped":{"minecraft:cooked_beef":3,"minecraft:glass_bottle":5,"minecraft:crafting_table":1,"minecraft:orange_tulip":6,"minecraft:leather_helmet":1,"minecraft:dirt":105,"minecraft:mutton":1,"minecraft:gold_nugget":6,"minecraft:sand":1,"minecraft:cherry_door":6,"minecraft:oak_door":2,"minecraft:gravel":1,"minecraft:white_tulip":6,"minecraft:iron_nugget":6,"minecraft:pointed_dripstone":9,"minecraft:rotten_flesh":14,"minecraft:oak_planks":18,"minecraft:leather_chestplate":1,"minecraft:gunpowder":4,"minecraft:leather_leggings":1,"minecraft:cherry_fence":3,"minecraft:water_bucket":1,"minecraft:wheat_seeds":2,"minecraft:mangrove_propagule":2,"minecraft:oak_fence":1,"minecraft:cobblestone":33,"minecraft:prismarine_crystals":11,"minecraft:book":4,"minecraft:spruce_door":2,"minecraft:stick":9,"minecraft:lava_bucket":1,"minecraft:brewing_stand":1,"minecraft:torch":4,"minecraft:wooden_axe":1,"minecraft:cherry_planks":14,"minecraft:cooked_salmon":1,"minecraft:mud":4,"minecraft:string":4,"minecraft:spruce_sapling":1,"minecraft:smooth_basalt":4,"minecraft:furnace":1,"minecraft:kelp":12,"minecraft:oak_trapdoor":1,"minecraft:light_gray_wool":1,"minecraft:stripped_oak_log":1,"minecraft:glass_pane":2,"minecraft:pumpkin_seeds":4,"minecraft:filled_map":2,"minecraft:hay_block":14,"minecraft:stone":6,"minecraft:pink_wool":1,"minecraft:stripped_cherry_log":6,"minecraft:stone_pickaxe":2,"minecraft:wooden_pickaxe":2,"minecraft:black_wool":1},"minecraft:picked_up":{"minecraft:wooden_axe":2,"minecraft:iron_chestplate":2,"minecraft:wheat":15,"minecraft:oak_stairs":10,"minecraft:potion":2,"minecraft:brewing_stand":3,"minecraft:string":14,"minecraft:raw_copper":75,"minecraft:cooked_salmon":1,"minecraft:iron_leggings":2,"minecraft:gold_nugget":6,"minecraft:cobbled_deepslate":17,"minecraft:spruce_planks":9,"minecraft:white_tulip":18,"minecraft:calcite":384,"minecraft:melon_slice":6,"minecraft:furnace":15,"minecraft:iron_boots":2,"minecraft:stick":13,"minecraft:oak_fence":2,"minecraft:torch":64,"minecraft:acacia_log":12,"minecraft:porkchop":22,"minecraft:cherry_log":131,"minecraft:pointed_dripstone":18,"minecraft:diorite":2,"minecraft:rotten_flesh":30,"minecraft:mangrove_roots":1,"minecraft:obsidian":14,"minecraft:cobblestone":4358,"minecraft:pink_petals":128,"minecraft:leather_chestplate":1,"minecraft:feather":24,"minecraft:cooked_beef":6,"minecraft:cherry_planks":20,"minecraft:water_bucket":8,"minecraft:andesite":9,"minecraft:potato":5,"minecraft:cherry_fence":14,"minecraft:lantern":27,"minecraft:lapis_lazuli":96,"minecraft:cherry_door":13,"minecraft:dirt":538,"minecraft:leather_boots":1,"minecraft:glass":207,"minecraft:bone":104,"minecraft:bow":2,"minecraft:orange_tulip":12,"minecraft:wheat_seeds":3,"minecraft:raw_gold":48,"minecraft:moss_block":24,"minecraft:oak_planks":36,"minecraft:cooked_porkchop":16,"minecraft:sand":232,"minecraft:grass_block":8,"minecraft:mossy_cobblestone":4,"minecraft:iron_hoe":1,"minecraft:diamond":14,"minecraft:spruce_boat":14,"minecraft:granite":4,"minecraft:emerald":53,"minecraft:diamond_pickaxe":8,"minecraft:cocoa_beans":11,"minecraft:mud":12,"minecraft:crafting_table":7,"minecraft:coarse_dirt":2,"minecraft:ominous_bottle":1,"minecraft:leather_leggings":1,"minecraft:wooden_pickaxe":7,"minecraft:pink_wool":3,"minecraft:stone_brick_wall":4,"minecraft:gold_block":3,"minecraft:stripped_cherry_log":26,"minecraft:chain":20,"minecraft:shield":7,"minecraft:moss_carpet":2,"minecraft:oak_trapdoor":2,"minecraft:iron_shovel":5,"minecraft:glass_pane":3,"minecraft:beef":5,"minecraft:iron_nugget":6,"minecraft:light_gray_wool":1,"minecraft:chest":8,"minecraft:egg":4,"minecraft:raw_iron":55,"minecraft:stone":8,"minecraft:oak_door":6,"minecraft:carrot":25,"minecraft:redstone":10,"minecraft:prismarine_crystals":33,"minecraft:tnt":6,"minecraft:arrow":149,"minecraft:hay_block":39,"minecraft:gold_ingot":17,"minecraft:mutton":8,"minecraft:white_wool":11,"minecraft:rail":92,"minecraft:stripped_oak_log":4,"minecraft:clock":2,"minecraft:salmon":2,"minecraft:leather":32,"minecraft:filled_map":1,"minecraft:oak_log":59,"minecraft:lily_pad":30,"minecraft:gunpowder":14,"minecraft:blue_bed":1,"minecraft:paper":84,"minecraft:white_banner":1,"minecraft:cooked_mutton":25,"minecraft:coast_armor_trim_smithing_template":4,"minecraft:apple":2,"minecraft:stone_bricks":12,"minecraft:kelp":12,"minecraft:heart_of_the_sea":8,"minecraft:iron_ingot":53,"minecraft:stone_pickaxe":9,"minecraft:cooked_chicken":3,"minecraft:glass_bottle":9,"minecraft:book":36,"minecraft:smooth_basalt":12,"minecraft:pumpkin":6,"minecraft:sweet_berries":58,"minecraft:gravel":2,"minecraft:lava_bucket":1,"minecraft:amethyst_shard":16,"minecraft:spruce_sapling":9,"minecraft:spruce_door":2,"minecraft:leather_helmet":1,"minecraft:pumpkin_seeds":12,"minecraft:slime_ball":14,"minecraft:iron_helmet":2,"minecraft:diamond_axe":5,"minecraft:cherry_sapling":8,"minecraft:baked_potato":8,"minecraft:black_wool":2,"minecraft:mangrove_propagule":8,"minecraft:coal":147,"minecraft:ender_pearl":8},"minecraft:killed":{"minecraft:cave_spider":1,"minecraft:witch":1,"minecraft:spider":2,"minecraft:skeleton":22,"minecraft:pig":11,"minecraft:zombie_villager":1,"minecraft:salmon":2,"minecraft:creeper":1,"minecraft:sheep":5,"minecraft:pillager":5,"minecraft:zombie":13,"minecraft:cow":3,"minecraft:armadillo":4,"minecraft:slime":11,"minecraft:drowned":1,"minecraft:enderman":2},"minecraft:broken":{"minecraft:wooden_axe":1,"minecraft:shield":1,"minecraft:leather_boots":1},"minecraft:custom":{"minecraft:interact_with_crafting_table":52,"minecraft:leave_game":10,"minecraft:time_since_death":27615,"minecraft:sprint_one_cm":567272,"minecraft:damage_blocked_by_shield":4716,"minecraft:drop":99,"minecraft:play_time":334473,"minecraft:deaths":8,"minecraft:jump":4102,"minecraft:walk_on_water_one_cm":100014,"minecraft:interact_with_furnace":79,"minecraft:sleep_in_bed":8,"minecraft:damage_dealt":12908,"minecraft:crouch_one_cm":66397,"minecraft:mob_kills":87,"minecraft:climb_one_cm":3933,"minecraft:walk_one_cm":661353,"minecraft:sneak_time":21708,"minecraft:walk_under_water_one_cm":256601,"minecraft:boat_one_cm":300563,"minecraft:total_world_time":334473,"minecraft:time_since_rest":5182,"minecraft:damage_taken":5942,"minecraft:swim_one_cm":155051,"minecraft:fly_one_cm":666794,"minecraft:open_chest":119,"minecraft:fall_one_cm":85317},"minecraft:killed_by":{"minecraft:polar_bear":1,"minecraft:zombie":1,"minecraft:enderman":1,"minecraft:skeleton":2},"minecraft:crafted":{"minecraft:oak_planks":140,"minecraft:stone":170,"minecraft:glass":51,"minecraft:iron_boots":1,"minecraft:chest":2,"minecraft:stone_bricks":20,"minecraft:oak_fence":6,"minecraft:cherry_fence":3,"minecraft:cooked_rabbit":1,"minecraft:cooked_porkchop":14,"minecraft:diamond_axe":1,"minecraft:crafting_table":2,"minecraft:baked_potato":3,"minecraft:wooden_pickaxe":1,"minecraft:iron_helmet":1,"minecraft:campfire":1,"minecraft:iron_chestplate":1,"minecraft:diamond_pickaxe":2,"minecraft:shield":1,"minecraft:stick":32,"minecraft:iron_ingot":6,"minecraft:cherry_planks":44,"minecraft:oak_door":3,"minecraft:stone_brick_wall":12,"minecraft:furnace":3,"minecraft:stone_button":6,"minecraft:oak_trapdoor":14,"minecraft:glass_pane":32,"minecraft:cherry_trapdoor":2,"minecraft:iron_hoe":1,"minecraft:cherry_stairs":4,"minecraft:stone_pickaxe":1,"minecraft:wheat":210,"minecraft:cooked_beef":5,"minecraft:bucket":1,"minecraft:bread":75,"minecraft:air":0,"minecraft:wooden_axe":1,"minecraft:oak_stairs":28,"minecraft:iron_shovel":1,"minecraft:cherry_door":3,"minecraft:iron_leggings":1,"minecraft:acacia_planks":4,"minecraft:torch":20},"minecraft:used":{"minecraft:iron_shovel":224,"minecraft:chest":10,"minecraft:shield":80,"minecraft:stone":121,"minecraft:mutton":6,"minecraft:carrot":15,"minecraft:spruce_boat":7,"minecraft:glass":34,"minecraft:lava_bucket":37,"minecraft:lantern":14,"minecraft:mangrove_roots":1,"minecraft:furnace":15,"minecraft:egg":1,"minecraft:potato":1,"minecraft:diorite":2,"minecraft:stone_pickaxe":48,"minecraft:wooden_pickaxe":5,"minecraft:blue_bed":1,"minecraft:diamond_axe":296,"minecraft:stone_brick_wall":10,"minecraft:bread":1,"minecraft:stone_button":6,"minecraft:gravel":1,"minecraft:cooked_rabbit":1,"minecraft:andesite":9,"minecraft:stripped_cherry_log":2,"minecraft:coarse_dirt":2,"minecraft:oak_fence":5,"minecraft:oak_trapdoor":13,"minecraft:cooked_chicken":2,"minecraft:oak_door":2,"minecraft:torch":47,"minecraft:dirt":98,"minecraft:granite":4,"minecraft:iron_hoe":2,"minecraft:wooden_axe":33,"minecraft:oak_stairs":38,"minecraft:cherry_trapdoor":2,"minecraft:cooked_beef":5,"minecraft:cobbled_deepslate":17,"minecraft:cherry_fence":2,"minecraft:cherry_log":10,"minecraft:cooked_mutton":15,"minecraft:water_bucket":242,"minecraft:baked_potato":11,"minecraft:salmon":2,"minecraft:crafting_table":6,"minecraft:campfire":1,"minecraft:oak_log":24,"minecraft:mud":4,"minecraft:diamond_pickaxe":1504,"minecraft:black_wool":1,"minecraft:apple":1,"minecraft:cherry_door":1,"minecraft:cobblestone":45,"minecraft:potion":2,"minecraft:cherry_stairs":4,"minecraft:cooked_porkchop":17,"minecraft:porkchop":8,"minecraft:bucket":280,"minecraft:glass_pane":31},"minecraft:mined":{"minecraft:farmland":2,"minecraft:cherry_trapdoor":2,"minecraft:granite":5,"minecraft:acacia_log":7,"minecraft:grass_block":69,"minecraft:spawner":3,"minecraft:tall_seagrass":15,"minecraft:iron_ore":16,"minecraft:moss_carpet":1,"minecraft:oak_stairs":11,"minecraft:torch":1,"minecraft:melon":1,"minecraft:chest":8,"minecraft:glass":10,"minecraft:cobblestone":5,"minecraft:wall_torch":18,"minecraft:seagrass":4,"minecraft:chain":11,"minecraft:cherry_fence":2,"minecraft:mud":8,"minecraft:cherry_door":1,"minecraft:oak_log":60,"minecraft:sand":142,"minecraft:dirt":84,"minecraft:netherrack":4,"minecraft:oak_leaves":2,"minecraft:deepslate":15,"minecraft:mossy_cobblestone":1,"minecraft:oak_door":1,"minecraft:stripped_cherry_log":6,"minecraft:mangrove_roots":1,"minecraft:glow_lichen":1,"minecraft:spruce_leaves":1,"minecraft:mangrove_propagule":1,"minecraft:hay_block":25,"minecraft:furnace":13,"minecraft:andesite":9,"minecraft:gold_block":3,"minecraft:bookshelf":8,"minecraft:vine":2,"minecraft:rail":46,"minecraft:lantern":5,"minecraft:stripped_oak_log":1,"minecraft:stone":1247,"minecraft:cherry_stairs":3,"minecraft:glass_pane":19,"minecraft:stone_brick_slab":1,"minecraft:crafting_table":4,"minecraft:short_grass":5,"minecraft:stone_slab":1,"minecraft:copper_ore":18,"minecraft:lapis_ore":5,"minecraft:diorite":2,"minecraft:blue_bed":1,"minecraft:coarse_dirt":2,"minecraft:mangrove_leaves":2,"minecraft:coal_ore":60,"minecraft:cocoa":5,"minecraft:gravel":2,"minecraft:gold_ore":8}},"DataVersion":3953}