{"stats":{"minecraft:dropped":{"minecraft:wheat_seeds":1,"minecraft:cooked_beef":3,"minecraft:glass_bottle":5,"minecraft:orange_tulip":6,"minecraft:oak_fence":1,"minecraft:cobblestone":17,"minecraft:prismarine_crystals":11,"minecraft:book":4,"minecraft:spruce_door":2,"minecraft:stick":2,"minecraft:dirt":105,"minecraft:brewing_stand":1,"minecraft:cherry_planks":2,"minecraft:sand":1,"minecraft:cherry_door":6,"minecraft:spruce_sapling":1,"minecraft:smooth_basalt":4,"minecraft:oak_door":2,"minecraft:gravel":1,"minecraft:white_tulip":6,"minecraft:kelp":12,"minecraft:oak_trapdoor":1,"minecraft:rotten_flesh":2,"minecraft:oak_planks":18,"minecraft:stripped_oak_log":1,"minecraft:glass_pane":2,"minecraft:pumpkin_seeds":4,"minecraft:filled_map":2,"minecraft:stone":6,"minecraft:gunpowder":2,"minecraft:stripped_cherry_log":6,"minecraft:stone_pickaxe":1,"minecraft:cherry_fence":3},"minecraft:picked_up":{"minecraft:wooden_axe":1,"minecraft:crafting_table":6,"minecraft:wooden_pickaxe":5,"minecraft:oak_stairs":10,"minecraft:stone_brick_wall":4,"minecraft:potion":2,"minecraft:stripped_cherry_log":26,"minecraft:brewing_stand":3,"minecraft:shield":4,"minecraft:string":8,"minecraft:oak_trapdoor":2,"minecraft:raw_copper":61,"minecraft:iron_shovel":3,"minecraft:glass_pane":3,"minecraft:spruce_planks":9,"minecraft:beef":5,"minecraft:white_tulip":18,"minecraft:calcite":384,"minecraft:chest":8,"minecraft:furnace":14,"minecraft:egg":1,"minecraft:stick":7,"minecraft:raw_iron":35,"minecraft:stone":8,"minecraft:oak_door":6,"minecraft:oak_fence":2,"minecraft:torch":58,"minecraft:porkchop":22,"minecraft:cherry_log":131,"minecraft:carrot":25,"minecraft:prismarine_crystals":33,"minecraft:tnt":6,"minecraft:arrow":89,"minecraft:rotten_flesh":14,"minecraft:gold_ingot":17,"minecraft:obsidian":14,"minecraft:white_wool":4,"minecraft:cobblestone":4282,"minecraft:stripped_oak_log":4,"minecraft:pink_petals":128,"minecraft:clock":2,"minecraft:cooked_beef":6,"minecraft:cherry_planks":6,"minecraft:water_bucket":5,"minecraft:salmon":2,"minecraft:leather":32,"minecraft:potato":4,"minecraft:filled_map":1,"minecraft:oak_log":59,"minecraft:cherry_fence":14,"minecraft:gunpowder":12,"minecraft:lapis_lazuli":40,"minecraft:cherry_door":13,"minecraft:dirt":489,"minecraft:blue_bed":1,"minecraft:paper":84,"minecraft:lantern":27,"minecraft:leather_boots":1,"minecraft:coast_armor_trim_smithing_template":4,"minecraft:glass":207,"minecraft:bone":84,"minecraft:apple":2,"minecraft:stone_bricks":12,"minecraft:kelp":12,"minecraft:wheat_seeds":1,"minecraft:orange_tulip":12,"minecraft:raw_gold":32,"minecraft:heart_of_the_sea":8,"minecraft:iron_ingot":53,"minecraft:stone_pickaxe":8,"minecraft:cooked_chicken":3,"minecraft:glass_bottle":9,"minecraft:moss_block":24,"minecraft:oak_planks":36,"minecraft:book":12,"minecraft:smooth_basalt":12,"minecraft:cooked_porkchop":5,"minecraft:pumpkin":6,"minecraft:sweet_berries":58,"minecraft:gravel":2,"minecraft:sand":232,"minecraft:amethyst_shard":16,"minecraft:spruce_sapling":9,"minecraft:grass_block":8,"minecraft:spruce_door":2,"minecraft:mossy_cobblestone":4,"minecraft:pumpkin_seeds":12,"minecraft:diamond":14,"minecraft:spruce_boat":10,"minecraft:diamond_axe":3,"minecraft:cherry_sapling":8,"minecraft:emerald":53,"minecraft:baked_potato":8,"minecraft:coal":99,"minecraft:ender_pearl":8,"minecraft:diamond_pickaxe":5},"minecraft:killed":{"minecraft:spider":2,"minecraft:skeleton":13,"minecraft:drowned":1,"minecraft:pig":11,"minecraft:salmon":2,"minecraft:creeper":1,"minecraft:zombie":7,"minecraft:enderman":2,"minecraft:cow":3},"minecraft:broken":{"minecraft:shield":1,"minecraft:leather_boots":1,"minecraft:wooden_axe":1},"minecraft:custom":{"minecraft:mob_kills":44,"minecraft:interact_with_crafting_table":49,"minecraft:leave_game":7,"minecraft:time_since_death":11422,"minecraft:sprint_one_cm":339182,"minecraft:damage_blocked_by_shield":2781,"minecraft:walk_one_cm":500185,"minecraft:drop":62,"minecraft:play_time":262060,"minecraft:deaths":6,"minecraft:sneak_time":16170,"minecraft:walk_under_water_one_cm":221073,"minecraft:boat_one_cm":241155,"minecraft:jump":2451,"minecraft:walk_on_water_one_cm":64787,"minecraft:total_world_time":262060,"minecraft:interact_with_furnace":79,"minecraft:sleep_in_bed":7,"minecraft:time_since_rest":1177,"minecraft:damage_taken":4019,"minecraft:damage_dealt":6993,"minecraft:swim_one_cm":90536,"minecraft:fly_one_cm":388163,"minecraft:open_chest":110,"minecraft:crouch_one_cm":48090,"minecraft:fall_one_cm":47181},"minecraft:killed_by":{"minecraft:polar_bear":1,"minecraft:enderman":1,"minecraft:skeleton":2},"minecraft:crafted":{"minecraft:cherry_planks":44,"minecraft:oak_door":3,"minecraft:oak_planks":140,"minecraft:stone_brick_wall":12,"minecraft:furnace":3,"minecraft:stone_button":6,"minecraft:stone":170,"minecraft:glass_pane":32,"minecraft:oak_trapdoor":14,"minecraft:glass":51,"minecraft:cherry_trapdoor":2,"minecraft:iron_boots":1,"minecraft:cherry_stairs":4,"minecraft:stone_pickaxe":1,"minecraft:chest":2,"minecraft:stone_bricks":20,"minecraft:oak_fence":6,"minecraft:cherry_fence":3,"minecraft:cooked_rabbit":1,"minecraft:cooked_beef":5,"minecraft:cooked_porkchop":14,"minecraft:diamond_axe":1,"minecraft:crafting_table":1,"minecraft:iron_helmet":1,"minecraft:baked_potato":3,"minecraft:wooden_pickaxe":1,"minecraft:bucket":1,"minecraft:campfire":1,"minecraft:air":0,"minecraft:iron_chestplate":1,"minecraft:diamond_pickaxe":1,"minecraft:shield":1,"minecraft:stick":28,"minecraft:iron_ingot":6,"minecraft:oak_stairs":28,"minecraft:wooden_axe":1,"minecraft:iron_shovel":1,"minecraft:cherry_door":3,"minecraft:iron_leggings":1,"minecraft:torch":20},"minecraft:used":{"minecraft:oak_trapdoor":13,"minecraft:oak_fence":5,"minecraft:iron_shovel":148,"minecraft:chest":10,"minecraft:shield":49,"minecraft:stone":121,"minecraft:cooked_chicken":2,"minecraft:oak_door":2,"minecraft:torch":43,"minecraft:dirt":29,"minecraft:carrot":15,"minecraft:spruce_boat":5,"minecraft:glass":34,"minecraft:wooden_axe":33,"minecraft:lantern":14,"minecraft:oak_stairs":38,"minecraft:cherry_trapdoor":2,"minecraft:furnace":15,"minecraft:egg":1,"minecraft:cooked_beef":4,"minecraft:cherry_fence":2,"minecraft:cherry_log":10,"minecraft:water_bucket":234,"minecraft:stone_pickaxe":48,"minecraft:baked_potato":11,"minecraft:wooden_pickaxe":5,"minecraft:blue_bed":1,"minecraft:diamond_axe":156,"minecraft:salmon":2,"minecraft:crafting_table":5,"minecraft:campfire":1,"minecraft:stone_brick_wall":10,"minecraft:oak_log":24,"minecraft:diamond_pickaxe":1290,"minecraft:apple":1,"minecraft:cherry_door":1,"minecraft:bread":1,"minecraft:stone_button":6,"minecraft:gravel":1,"minecraft:cobblestone":22,"minecraft:potion":2,"minecraft:cherry_stairs":4,"minecraft:porkchop":8,"minecraft:cooked_porkchop":11,"minecraft:cooked_rabbit":1,"minecraft:bucket":235,"minecraft:glass_pane":31,"minecraft:stripped_cherry_log":2},"minecraft:mined":{"minecraft:mossy_cobblestone":1,"minecraft:oak_door":1,"minecraft:stripped_cherry_log":6,"minecraft:cherry_trapdoor":2,"minecraft:grass_block":28,"minecraft:spruce_leaves":1,"minecraft:spawner":1,"minecraft:furnace":13,"minecraft:iron_ore":6,"minecraft:oak_stairs":11,"minecraft:lantern":5,"minecraft:stripped_oak_log":1,"minecraft:stone":1196,"minecraft:cherry_stairs":3,"minecraft:glass_pane":19,"minecraft:crafting_table":4,"minecraft:short_grass":4,"minecraft:chest":8,"minecraft:copper_ore":15,"minecraft:glass":10,"minecraft:cobblestone":5,"minecraft:wall_torch":16,"minecraft:blue_bed":1,"minecraft:cherry_fence":2,"minecraft:cherry_door":1,"minecraft:oak_log":60,"minecraft:coal_ore":35,"minecraft:sand":142,"minecraft:gravel":2,"minecraft:dirt":75,"minecraft:oak_leaves":2}},"DataVersion":3953}