{"stats":{"minecraft:custom":{"minecraft:interact_with_crafting_table":65,"minecraft:leave_game":17,"minecraft:time_since_death":4867,"minecraft:sprint_one_cm":1047193,"minecraft:damage_blocked_by_shield":5601,"minecraft:drop":119,"minecraft:talked_to_villager":10,"minecraft:play_time":502386,"minecraft:deaths":17,"minecraft:jump":7931,"minecraft:walk_on_water_one_cm":120736,"minecraft:interact_with_furnace":100,"minecraft:sleep_in_bed":15,"minecraft:damage_dealt":21442,"minecraft:crouch_one_cm":80085,"minecraft:interact_with_smoker":1,"minecraft:horse_one_cm":165773,"minecraft:mob_kills":129,"minecraft:climb_one_cm":4820,"minecraft:walk_one_cm":1108174,"minecraft:sneak_time":28433,"minecraft:walk_under_water_one_cm":269259,"minecraft:boat_one_cm":557378,"minecraft:total_world_time":502386,"minecraft:time_since_rest":4891,"minecraft:damage_taken":10086,"minecraft:swim_one_cm":189636,"minecraft:fly_one_cm":1372971,"minecraft:open_chest":166,"minecraft:fall_one_cm":183094},"minecraft:crafted":{"minecraft:oak_planks":140,"minecraft:stone":203,"minecraft:diamond_shovel":2,"minecraft:glass":51,"minecraft:iron_boots":1,"minecraft:chest":2,"minecraft:stone_bricks":20,"minecraft:oak_fence":6,"minecraft:cherry_fence":3,"minecraft:cooked_rabbit":1,"minecraft:cooked_porkchop":14,"minecraft:diamond_axe":2,"minecraft:crafting_table":3,"minecraft:spruce_planks":272,"minecraft:iron_helmet":1,"minecraft:wooden_pickaxe":1,"minecraft:baked_potato":6,"minecraft:campfire":1,"minecraft:iron_chestplate":1,"minecraft:diamond_pickaxe":2,"minecraft:shield":1,"minecraft:stick":44,"minecraft:iron_ingot":6,"minecraft:iron_pickaxe":1,"minecraft:gold_ingot":27,"minecraft:cherry_planks":44,"minecraft:oak_door":3,"minecraft:stone_brick_wall":12,"minecraft:furnace":3,"minecraft:stone_button":6,"minecraft:bone_meal":51,"minecraft:stone_stairs":4,"minecraft:oak_trapdoor":14,"minecraft:glass_pane":48,"minecraft:flint_and_steel":2,"minecraft:cherry_trapdoor":2,"minecraft:iron_axe":1,"minecraft:iron_hoe":1,"minecraft:cherry_stairs":4,"minecraft:stone_pickaxe":1,"minecraft:wheat":408,"minecraft:cooked_beef":5,"minecraft:bucket":2,"minecraft:bread":141,"minecraft:air":0,"minecraft:wooden_axe":1,"minecraft:oak_stairs":28,"minecraft:iron_shovel":2,"minecraft:cherry_door":3,"minecraft:iron_leggings":1,"minecraft:acacia_planks":12,"minecraft:torch":20},"minecraft:mined":{"minecraft:spruce_planks":5,"minecraft:farmland":2,"minecraft:obsidian":17,"minecraft:cherry_trapdoor":2,"minecraft:granite":5,"minecraft:acacia_log":7,"minecraft:grass_block":367,"minecraft:spawner":3,"minecraft:tall_seagrass":15,"minecraft:iron_ore":16,"minecraft:moss_carpet":1,"minecraft:oak_stairs":11,"minecraft:torch":1,"minecraft:melon":1,"minecraft:chest":8,"minecraft:glass":16,"minecraft:cobblestone":5,"minecraft:wall_torch":21,"minecraft:seagrass":4,"minecraft:chain":11,"minecraft:cherry_fence":2,"minecraft:mud":8,"minecraft:cherry_door":1,"minecraft:oak_log":60,"minecraft:sand":143,"minecraft:dirt":295,"minecraft:netherrack":15,"minecraft:oak_leaves":2,"minecraft:deepslate":15,"minecraft:mossy_cobblestone":1,"minecraft:oak_door":1,"minecraft:stripped_cherry_log":6,"minecraft:mangrove_roots":1,"minecraft:glow_lichen":1,"minecraft:nether_bricks":5,"minecraft:spruce_leaves":25,"minecraft:mangrove_propagule":1,"minecraft:hay_block":52,"minecraft:furnace":13,"minecraft:andesite":9,"minecraft:gold_block":3,"minecraft:bookshelf":8,"minecraft:vine":2,"minecraft:rail":46,"minecraft:lantern":5,"minecraft:stripped_oak_log":1,"minecraft:stone":1317,"minecraft:cherry_stairs":3,"minecraft:glass_pane":19,"minecraft:basalt":28,"minecraft:stone_brick_slab":1,"minecraft:crafting_table":4,"minecraft:short_grass":99,"minecraft:stone_slab":1,"minecraft:tall_grass":4,"minecraft:copper_ore":18,"minecraft:lapis_ore":5,"minecraft:diorite":2,"minecraft:blue_bed":1,"minecraft:coarse_dirt":2,"minecraft:spruce_log":113,"minecraft:mangrove_leaves":2,"minecraft:coal_ore":65,"minecraft:cocoa":5,"minecraft:gravel":2,"minecraft:gold_ore":8},"minecraft:killed":{"minecraft:cave_spider":1,"minecraft:witch":2,"minecraft:spider":7,"minecraft:skeleton":25,"minecraft:magma_cube":1,"minecraft:pig":12,"minecraft:zombie_villager":3,"minecraft:salmon":2,"minecraft:creeper":2,"minecraft:sheep":6,"minecraft:pillager":10,"minecraft:zombie":32,"minecraft:cow":3,"minecraft:blaze":2,"minecraft:armadillo":4,"minecraft:slime":11,"minecraft:drowned":1,"minecraft:wandering_trader":1,"minecraft:enderman":2},"minecraft:dropped":{"minecraft:cooked_beef":3,"minecraft:glass_bottle":5,"minecraft:crafting_table":1,"minecraft:orange_tulip":6,"minecraft:leather_helmet":1,"minecraft:dirt":105,"minecraft:mutton":1,"minecraft:gold_nugget":6,"minecraft:sand":1,"minecraft:cherry_door":6,"minecraft:oak_door":2,"minecraft:gravel":1,"minecraft:white_tulip":6,"minecraft:iron_nugget":6,"minecraft:pointed_dripstone":9,"minecraft:rotten_flesh":15,"minecraft:oak_planks":18,"minecraft:leather_chestplate":1,"minecraft:gunpowder":4,"minecraft:leather_leggings":1,"minecraft:cherry_fence":3,"minecraft:water_bucket":1,"minecraft:wheat_seeds":14,"minecraft:oak_fence":1,"minecraft:mangrove_propagule":2,"minecraft:prismarine_crystals":11,"minecraft:cobblestone":33,"minecraft:book":4,"minecraft:spruce_door":2,"minecraft:stick":9,"minecraft:lava_bucket":1,"minecraft:brewing_stand":1,"minecraft:torch":4,"minecraft:wooden_axe":1,"minecraft:cherry_planks":14,"minecraft:cooked_salmon":1,"minecraft:mud":4,"minecraft:string":4,"minecraft:pink_petals":6,"minecraft:spruce_sapling":1,"minecraft:smooth_basalt":4,"minecraft:furnace":1,"minecraft:kelp":12,"minecraft:oak_trapdoor":1,"minecraft:raw_copper":7,"minecraft:light_gray_wool":1,"minecraft:stripped_oak_log":1,"minecraft:glass_pane":2,"minecraft:pumpkin_seeds":4,"minecraft:filled_map":2,"minecraft:hay_block":14,"minecraft:stone":6,"minecraft:pink_wool":1,"minecraft:stripped_cherry_log":6,"minecraft:stone_pickaxe":2,"minecraft:wooden_pickaxe":2,"minecraft:black_wool":1},"minecraft:used":{"minecraft:cherry_sapling":4,"minecraft:iron_shovel":300,"minecraft:chest":10,"minecraft:shield":94,"minecraft:stone":144,"minecraft:iron_chestplate":1,"minecraft:mutton":6,"minecraft:nether_bricks":5,"minecraft:carrot":15,"minecraft:obsidian":22,"minecraft:spruce_boat":14,"minecraft:glass":40,"minecraft:lava_bucket":40,"minecraft:lantern":14,"minecraft:mangrove_roots":1,"minecraft:furnace":15,"minecraft:egg":3,"minecraft:potato":1,"minecraft:diorite":2,"minecraft:stone_pickaxe":48,"minecraft:wooden_pickaxe":5,"minecraft:blue_bed":1,"minecraft:diamond_axe":484,"minecraft:crossbow":1,"minecraft:stone_brick_wall":10,"minecraft:bread":54,"minecraft:stone_button":6,"minecraft:gravel":1,"minecraft:cooked_rabbit":1,"minecraft:andesite":9,"minecraft:stripped_cherry_log":2,"minecraft:coarse_dirt":2,"minecraft:bone_meal":33,"minecraft:oak_fence":5,"minecraft:oak_trapdoor":13,"minecraft:flint_and_steel":2,"minecraft:spruce_planks":189,"minecraft:cooked_chicken":2,"minecraft:netherrack":4,"minecraft:oak_door":2,"minecraft:torch":49,"minecraft:dirt":561,"minecraft:stone_stairs":4,"minecraft:granite":4,"minecraft:iron_hoe":2,"minecraft:wooden_axe":33,"minecraft:iron_axe":68,"minecraft:oak_stairs":38,"minecraft:cherry_trapdoor":2,"minecraft:iron_boots":2,"minecraft:basalt":12,"minecraft:cooked_beef":5,"minecraft:cobbled_deepslate":17,"minecraft:cherry_fence":2,"minecraft:cherry_log":10,"minecraft:cooked_mutton":17,"minecraft:water_bucket":287,"minecraft:baked_potato":12,"minecraft:salmon":2,"minecraft:crafting_table":7,"minecraft:campfire":1,"minecraft:oak_log":24,"minecraft:mud":4,"minecraft:black_wool":1,"minecraft:diamond_pickaxe":1638,"minecraft:apple":1,"minecraft:diamond_shovel":432,"minecraft:cherry_door":1,"minecraft:iron_pickaxe":6,"minecraft:spruce_sapling":34,"minecraft:cobblestone":88,"minecraft:potion":2,"minecraft:cherry_stairs":4,"minecraft:porkchop":8,"minecraft:white_banner":1,"minecraft:cooked_porkchop":18,"minecraft:bucket":329,"minecraft:glass_pane":46},"minecraft:killed_by":{"minecraft:creeper":1,"minecraft:polar_bear":1,"minecraft:zombie":1,"minecraft:enderman":1,"minecraft:skeleton":8},"minecraft:broken":{"minecraft:iron_shovel":1,"minecraft:diamond_pickaxe":1,"minecraft:wooden_axe":1,"minecraft:shield":1,"minecraft:leather_boots":1},"minecraft:picked_up":{"minecraft:wooden_axe":2,"minecraft:iron_chestplate":4,"minecraft:wheat":15,"minecraft:lead":2,"minecraft:oak_stairs":10,"minecraft:potion":2,"minecraft:brewing_stand":3,"minecraft:string":18,"minecraft:raw_copper":82,"minecraft:cooked_salmon":1,"minecraft:iron_leggings":4,"minecraft:gold_nugget":6,"minecraft:cobbled_deepslate":17,"minecraft:spruce_planks":19,"minecraft:white_tulip":18,"minecraft:calcite":384,"minecraft:melon_slice":18,"minecraft:furnace":15,"minecraft:iron_boots":4,"minecraft:stick":44,"minecraft:oak_fence":2,"minecraft:torch":67,"minecraft:acacia_log":20,"minecraft:porkchop":28,"minecraft:cherry_log":131,"minecraft:pointed_dripstone":18,"minecraft:diorite":2,"minecraft:rotten_flesh":46,"minecraft:mangrove_roots":1,"minecraft:blaze_rod":4,"minecraft:obsidian":31,"minecraft:cobblestone":4423,"minecraft:pink_petals":156,"minecraft:leather_chestplate":1,"minecraft:feather":24,"minecraft:cooked_beef":6,"minecraft:cherry_planks":20,"minecraft:water_bucket":11,"minecraft:andesite":9,"minecraft:potato":11,"minecraft:cherry_fence":14,"minecraft:lantern":27,"minecraft:cherry_door":13,"minecraft:lapis_lazuli":96,"minecraft:dirt":1123,"minecraft:leather_boots":1,"minecraft:bone":107,"minecraft:glass":207,"minecraft:bow":2,"minecraft:wheat_seeds":28,"minecraft:orange_tulip":12,"minecraft:raw_gold":48,"minecraft:moss_block":24,"minecraft:oak_planks":36,"minecraft:cooked_porkchop":16,"minecraft:sand":232,"minecraft:grass_block":8,"minecraft:mossy_cobblestone":4,"minecraft:iron_hoe":1,"minecraft:diamond":14,"minecraft:spruce_boat":22,"minecraft:crossbow":1,"minecraft:granite":4,"minecraft:emerald":53,"minecraft:bread":92,"minecraft:netherrack":18,"minecraft:diamond_pickaxe":10,"minecraft:mud":12,"minecraft:cocoa_beans":11,"minecraft:coarse_dirt":2,"minecraft:crafting_table":7,"minecraft:ominous_bottle":2,"minecraft:leather_leggings":3,"minecraft:wooden_pickaxe":7,"minecraft:pink_wool":3,"minecraft:stone_brick_wall":4,"minecraft:gold_block":3,"minecraft:stripped_cherry_log":26,"minecraft:chain":20,"minecraft:shield":9,"minecraft:iron_axe":1,"minecraft:oak_trapdoor":2,"minecraft:moss_carpet":2,"minecraft:flint_and_steel":2,"minecraft:compass":2,"minecraft:iron_shovel":6,"minecraft:glass_pane":3,"minecraft:beef":5,"minecraft:iron_nugget":6,"minecraft:light_gray_wool":1,"minecraft:chest":8,"minecraft:egg":6,"minecraft:raw_iron":55,"minecraft:stone":8,"minecraft:oak_door":6,"minecraft:carrot":25,"minecraft:redstone":14,"minecraft:prismarine_crystals":33,"minecraft:tnt":6,"minecraft:arrow":218,"minecraft:nether_bricks":5,"minecraft:hay_block":71,"minecraft:gold_ingot":17,"minecraft:mutton":12,"minecraft:rail":92,"minecraft:white_wool":13,"minecraft:stripped_oak_log":4,"minecraft:clock":2,"minecraft:basalt":48,"minecraft:salmon":2,"minecraft:leather":32,"minecraft:filled_map":1,"minecraft:oak_log":59,"minecraft:lily_pad":33,"minecraft:gunpowder":16,"minecraft:blue_bed":1,"minecraft:paper":84,"minecraft:white_banner":2,"minecraft:cooked_mutton":27,"minecraft:coast_armor_trim_smithing_template":4,"minecraft:apple":2,"minecraft:stone_bricks":12,"minecraft:kelp":12,"minecraft:heart_of_the_sea":8,"minecraft:iron_ingot":53,"minecraft:stone_pickaxe":9,"minecraft:cooked_chicken":3,"minecraft:glass_bottle":9,"minecraft:book":36,"minecraft:smooth_basalt":12,"minecraft:pumpkin":6,"minecraft:sweet_berries":58,"minecraft:gravel":2,"minecraft:lava_bucket":1,"minecraft:amethyst_shard":16,"minecraft:spruce_sapling":48,"minecraft:spruce_log":111,"minecraft:spruce_door":2,"minecraft:leather_helmet":1,"minecraft:diamond_shovel":2,"minecraft:pumpkin_seeds":12,"minecraft:slime_ball":14,"minecraft:iron_helmet":4,"minecraft:diamond_axe":8,"minecraft:cherry_sapling":8,"minecraft:baked_potato":10,"minecraft:black_wool":2,"minecraft:mangrove_propagule":8,"minecraft:coal":157,"minecraft:ender_pearl":8}},"DataVersion":3953}