{"stats":{"minecraft:mined":{"minecraft:crafting_table":2,"minecraft:short_grass":4,"minecraft:grass_block":2,"minecraft:spruce_leaves":1,"minecraft:furnace":1,"minecraft:iron_ore":6,"minecraft:oak_log":10,"minecraft:oak_stairs":2,"minecraft:dirt":4,"minecraft:gravel":2,"minecraft:sand":1,"minecraft:stone":156},"minecraft:crafted":{"minecraft:oak_planks":40,"minecraft:cooked_porkchop":3,"minecraft:crafting_table":1,"minecraft:wooden_pickaxe":1,"minecraft:baked_potato":3,"minecraft:furnace":1,"minecraft:bucket":1,"minecraft:air":0,"minecraft:diamond_pickaxe":1,"minecraft:shield":1,"minecraft:stick":8,"minecraft:iron_ingot":1,"minecraft:stone_pickaxe":1,"minecraft:wooden_axe":1},"minecraft:used":{"minecraft:water_bucket":20,"minecraft:stone_pickaxe":21,"minecraft:baked_potato":3,"minecraft:wooden_pickaxe":5,"minecraft:salmon":2,"minecraft:dirt":5,"minecraft:crafting_table":2,"minecraft:spruce_boat":2,"minecraft:wooden_axe":20,"minecraft:diamond_pickaxe":138,"minecraft:oak_stairs":1,"minecraft:gravel":1,"minecraft:cooked_porkchop":3,"minecraft:furnace":2,"minecraft:porkchop":8,"minecraft:bucket":21,"minecraft:egg":1},"minecraft:custom":{"minecraft:interact_with_furnace":14,"minecraft:mob_kills":12,"minecraft:interact_with_crafting_table":8,"minecraft:leave_game":3,"minecraft:time_since_death":47651,"minecraft:sleep_in_bed":2,"minecraft:time_since_rest":13738,"minecraft:sprint_one_cm":48812,"minecraft:damage_taken":790,"minecraft:walk_one_cm":48541,"minecraft:drop":17,"minecraft:damage_dealt":1299,"minecraft:swim_one_cm":40697,"minecraft:fly_one_cm":145225,"minecraft:open_chest":14,"minecraft:crouch_one_cm":13300,"minecraft:play_time":49223,"minecraft:deaths":1,"minecraft:sneak_time":4534,"minecraft:walk_under_water_one_cm":16436,"minecraft:boat_one_cm":238041,"minecraft:jump":714,"minecraft:walk_on_water_one_cm":12493,"minecraft:total_world_time":49223,"minecraft:fall_one_cm":12228},"minecraft:picked_up":{"minecraft:crafting_table":2,"minecraft:salmon":2,"minecraft:oak_stairs":1,"minecraft:filled_map":1,"minecraft:oak_log":10,"minecraft:dirt":6,"minecraft:bone":2,"minecraft:apple":1,"minecraft:kelp":12,"minecraft:wheat_seeds":1,"minecraft:cooked_chicken":2,"minecraft:egg":1,"minecraft:furnace":1,"minecraft:raw_iron":11,"minecraft:gravel":2,"minecraft:porkchop":11,"minecraft:sand":1,"minecraft:spruce_sapling":1,"minecraft:spruce_boat":3,"minecraft:cobblestone":149},"minecraft:killed_by":{"minecraft:polar_bear":1},"minecraft:dropped":{"minecraft:gravel":1,"minecraft:kelp":12,"minecraft:wheat_seeds":1,"minecraft:filled_map":2,"minecraft:spruce_sapling":1},"minecraft:killed":{"minecraft:pig":6,"minecraft:salmon":2,"minecraft:skeleton":1,"minecraft:zombie":2}},"DataVersion":3953}