{"stats":{"minecraft:dropped":{"minecraft:water_bucket":1,"minecraft:wheat_seeds":1,"minecraft:cooked_beef":3,"minecraft:glass_bottle":5,"minecraft:crafting_table":1,"minecraft:orange_tulip":6,"minecraft:oak_fence":1,"minecraft:cobblestone":33,"minecraft:prismarine_crystals":11,"minecraft:book":4,"minecraft:spruce_door":2,"minecraft:leather_helmet":1,"minecraft:stick":5,"minecraft:lava_bucket":1,"minecraft:dirt":105,"minecraft:brewing_stand":1,"minecraft:torch":4,"minecraft:wooden_axe":1,"minecraft:cherry_planks":14,"minecraft:cooked_salmon":1,"minecraft:gold_nugget":6,"minecraft:sand":1,"minecraft:string":2,"minecraft:cherry_door":6,"minecraft:spruce_sapling":1,"minecraft:smooth_basalt":4,"minecraft:oak_door":2,"minecraft:gravel":1,"minecraft:furnace":1,"minecraft:white_tulip":6,"minecraft:kelp":12,"minecraft:oak_trapdoor":1,"minecraft:iron_nugget":6,"minecraft:rotten_flesh":2,"minecraft:oak_planks":18,"minecraft:stripped_oak_log":1,"minecraft:glass_pane":2,"minecraft:pumpkin_seeds":4,"minecraft:filled_map":2,"minecraft:leather_chestplate":1,"minecraft:stone":6,"minecraft:gunpowder":4,"minecraft:leather_leggings":1,"minecraft:stripped_cherry_log":6,"minecraft:wooden_pickaxe":2,"minecraft:stone_pickaxe":2,"minecraft:cherry_fence":3,"minecraft:black_wool":1},"minecraft:picked_up":{"minecraft:wooden_axe":2,"minecraft:iron_chestplate":1,"minecraft:coarse_dirt":2,"minecraft:crafting_table":7,"minecraft:ominous_bottle":1,"minecraft:leather_leggings":1,"minecraft:pink_wool":1,"minecraft:wooden_pickaxe":7,"minecraft:oak_stairs":10,"minecraft:stone_brick_wall":4,"minecraft:potion":2,"minecraft:stripped_cherry_log":26,"minecraft:chain":10,"minecraft:brewing_stand":3,"minecraft:shield":6,"minecraft:moss_carpet":1,"minecraft:oak_trapdoor":2,"minecraft:string":12,"minecraft:raw_copper":61,"minecraft:cooked_salmon":1,"minecraft:iron_leggings":1,"minecraft:iron_shovel":4,"minecraft:glass_pane":3,"minecraft:gold_nugget":6,"minecraft:cobbled_deepslate":11,"minecraft:spruce_planks":9,"minecraft:beef":5,"minecraft:white_tulip":18,"minecraft:calcite":384,"minecraft:iron_nugget":6,"minecraft:chest":8,"minecraft:iron_boots":1,"minecraft:furnace":15,"minecraft:egg":1,"minecraft:stick":9,"minecraft:raw_iron":45,"minecraft:stone":8,"minecraft:oak_door":6,"minecraft:oak_fence":2,"minecraft:torch":64,"minecraft:acacia_log":5,"minecraft:porkchop":22,"minecraft:cherry_log":131,"minecraft:pointed_dripstone":9,"minecraft:carrot":25,"minecraft:redstone":5,"minecraft:prismarine_crystals":33,"minecraft:tnt":6,"minecraft:arrow":118,"minecraft:rotten_flesh":16,"minecraft:mangrove_roots":1,"minecraft:gold_ingot":17,"minecraft:mutton":6,"minecraft:obsidian":14,"minecraft:rail":46,"minecraft:white_wool":6,"minecraft:cobblestone":4296,"minecraft:stripped_oak_log":4,"minecraft:pink_petals":128,"minecraft:leather_chestplate":1,"minecraft:clock":2,"minecraft:feather":24,"minecraft:cooked_beef":6,"minecraft:cherry_planks":20,"minecraft:water_bucket":7,"minecraft:salmon":2,"minecraft:leather":32,"minecraft:potato":5,"minecraft:filled_map":1,"minecraft:oak_log":59,"minecraft:lily_pad":15,"minecraft:cherry_fence":14,"minecraft:gunpowder":14,"minecraft:cherry_door":13,"minecraft:lapis_lazuli":68,"minecraft:blue_bed":1,"minecraft:dirt":533,"minecraft:paper":84,"minecraft:lantern":27,"minecraft:white_banner":1,"minecraft:cooked_mutton":20,"minecraft:leather_boots":1,"minecraft:coast_armor_trim_smithing_template":4,"minecraft:glass":207,"minecraft:bone":93,"minecraft:apple":2,"minecraft:stone_bricks":12,"minecraft:kelp":12,"minecraft:bow":1,"minecraft:wheat_seeds":2,"minecraft:orange_tulip":12,"minecraft:raw_gold":40,"minecraft:heart_of_the_sea":8,"minecraft:iron_ingot":53,"minecraft:stone_pickaxe":9,"minecraft:cooked_chicken":3,"minecraft:glass_bottle":9,"minecraft:moss_block":24,"minecraft:oak_planks":36,"minecraft:book":12,"minecraft:smooth_basalt":12,"minecraft:cooked_porkchop":7,"minecraft:pumpkin":6,"minecraft:sweet_berries":58,"minecraft:gravel":2,"minecraft:lava_bucket":1,"minecraft:sand":232,"minecraft:amethyst_shard":16,"minecraft:spruce_sapling":9,"minecraft:grass_block":8,"minecraft:spruce_door":2,"minecraft:mossy_cobblestone":4,"minecraft:leather_helmet":1,"minecraft:iron_hoe":1,"minecraft:pumpkin_seeds":12,"minecraft:slime_ball":7,"minecraft:diamond":14,"minecraft:spruce_boat":13,"minecraft:iron_helmet":1,"minecraft:granite":4,"minecraft:diamond_axe":4,"minecraft:cherry_sapling":8,"minecraft:emerald":53,"minecraft:baked_potato":8,"minecraft:mangrove_propagule":2,"minecraft:black_wool":2,"minecraft:coal":143,"minecraft:mud":4,"minecraft:diamond_pickaxe":6,"minecraft:ender_pearl":8},"minecraft:killed":{"minecraft:cave_spider":1,"minecraft:witch":1,"minecraft:spider":2,"minecraft:slime":11,"minecraft:skeleton":19,"minecraft:drowned":1,"minecraft:pig":11,"minecraft:zombie_villager":1,"minecraft:salmon":2,"minecraft:creeper":1,"minecraft:sheep":4,"minecraft:pillager":5,"minecraft:zombie":12,"minecraft:enderman":2,"minecraft:cow":3},"minecraft:broken":{"minecraft:shield":1,"minecraft:leather_boots":1,"minecraft:wooden_axe":1},"minecraft:custom":{"minecraft:mob_kills":78,"minecraft:interact_with_crafting_table":51,"minecraft:leave_game":9,"minecraft:time_since_death":22458,"minecraft:climb_one_cm":1502,"minecraft:sprint_one_cm":452960,"minecraft:damage_blocked_by_shield":4296,"minecraft:walk_one_cm":598458,"minecraft:drop":83,"minecraft:play_time":298542,"minecraft:deaths":7,"minecraft:sneak_time":19911,"minecraft:walk_under_water_one_cm":248287,"minecraft:boat_one_cm":269328,"minecraft:jump":3029,"minecraft:walk_on_water_one_cm":84194,"minecraft:total_world_time":298542,"minecraft:interact_with_furnace":79,"minecraft:sleep_in_bed":7,"minecraft:time_since_rest":22485,"minecraft:damage_taken":5257,"minecraft:damage_dealt":11416,"minecraft:swim_one_cm":117919,"minecraft:fly_one_cm":489796,"minecraft:open_chest":117,"minecraft:crouch_one_cm":61757,"minecraft:fall_one_cm":60150},"minecraft:killed_by":{"minecraft:polar_bear":1,"minecraft:enderman":1,"minecraft:skeleton":2},"minecraft:crafted":{"minecraft:cherry_planks":44,"minecraft:oak_door":3,"minecraft:oak_planks":140,"minecraft:stone_brick_wall":12,"minecraft:furnace":3,"minecraft:stone_button":6,"minecraft:stone":170,"minecraft:glass_pane":32,"minecraft:oak_trapdoor":14,"minecraft:glass":51,"minecraft:cherry_trapdoor":2,"minecraft:iron_boots":1,"minecraft:iron_hoe":1,"minecraft:cherry_stairs":4,"minecraft:stone_pickaxe":1,"minecraft:chest":2,"minecraft:stone_bricks":20,"minecraft:oak_fence":6,"minecraft:cherry_fence":3,"minecraft:cooked_rabbit":1,"minecraft:cooked_beef":5,"minecraft:cooked_porkchop":14,"minecraft:diamond_axe":1,"minecraft:crafting_table":1,"minecraft:iron_helmet":1,"minecraft:baked_potato":3,"minecraft:wooden_pickaxe":1,"minecraft:bucket":1,"minecraft:campfire":1,"minecraft:air":0,"minecraft:iron_chestplate":1,"minecraft:diamond_pickaxe":2,"minecraft:shield":1,"minecraft:stick":32,"minecraft:iron_ingot":6,"minecraft:oak_stairs":28,"minecraft:wooden_axe":1,"minecraft:iron_shovel":1,"minecraft:cherry_door":3,"minecraft:iron_leggings":1,"minecraft:torch":20},"minecraft:used":{"minecraft:oak_fence":5,"minecraft:oak_trapdoor":13,"minecraft:iron_shovel":221,"minecraft:chest":10,"minecraft:shield":75,"minecraft:stone":121,"minecraft:cooked_chicken":2,"minecraft:oak_door":2,"minecraft:torch":47,"minecraft:dirt":95,"minecraft:carrot":15,"minecraft:glass":34,"minecraft:spruce_boat":6,"minecraft:iron_hoe":2,"minecraft:wooden_axe":33,"minecraft:lantern":14,"minecraft:oak_stairs":38,"minecraft:cherry_trapdoor":2,"minecraft:furnace":15,"minecraft:egg":1,"minecraft:cooked_beef":5,"minecraft:cherry_fence":2,"minecraft:cherry_log":10,"minecraft:cooked_mutton":10,"minecraft:water_bucket":241,"minecraft:stone_pickaxe":48,"minecraft:baked_potato":11,"minecraft:wooden_pickaxe":5,"minecraft:blue_bed":1,"minecraft:diamond_axe":242,"minecraft:salmon":2,"minecraft:crafting_table":5,"minecraft:campfire":1,"minecraft:stone_brick_wall":10,"minecraft:oak_log":24,"minecraft:mud":3,"minecraft:diamond_pickaxe":1424,"minecraft:apple":1,"minecraft:cherry_door":1,"minecraft:bread":1,"minecraft:stone_button":6,"minecraft:gravel":1,"minecraft:potion":2,"minecraft:cobblestone":22,"minecraft:cherry_stairs":4,"minecraft:porkchop":8,"minecraft:cooked_porkchop":14,"minecraft:cooked_rabbit":1,"minecraft:bucket":242,"minecraft:glass_pane":31,"minecraft:stripped_cherry_log":2,"minecraft:coarse_dirt":2},"minecraft:mined":{"minecraft:farmland":2,"minecraft:mossy_cobblestone":1,"minecraft:oak_door":1,"minecraft:stripped_cherry_log":6,"minecraft:mangrove_roots":1,"minecraft:granite":4,"minecraft:acacia_log":5,"minecraft:cherry_trapdoor":2,"minecraft:grass_block":67,"minecraft:spruce_leaves":1,"minecraft:mangrove_propagule":1,"minecraft:spawner":3,"minecraft:tall_seagrass":15,"minecraft:furnace":13,"minecraft:iron_ore":16,"minecraft:moss_carpet":1,"minecraft:vine":2,"minecraft:rail":46,"minecraft:oak_stairs":11,"minecraft:lantern":5,"minecraft:stripped_oak_log":1,"minecraft:stone":1210,"minecraft:cherry_stairs":3,"minecraft:glass_pane":19,"minecraft:torch":1,"minecraft:crafting_table":4,"minecraft:short_grass":5,"minecraft:chest":8,"minecraft:copper_ore":15,"minecraft:glass":10,"minecraft:cobblestone":5,"minecraft:lapis_ore":5,"minecraft:wall_torch":18,"minecraft:blue_bed":1,"minecraft:chain":11,"minecraft:seagrass":4,"minecraft:cherry_fence":2,"minecraft:coarse_dirt":2,"minecraft:mud":4,"minecraft:cherry_door":1,"minecraft:mangrove_leaves":2,"minecraft:coal_ore":58,"minecraft:oak_log":60,"minecraft:sand":142,"minecraft:gravel":2,"minecraft:dirt":80,"minecraft:gold_ore":8,"minecraft:deepslate":8,"minecraft:oak_leaves":2}},"DataVersion":3953}