{"stats":{"minecraft:custom":{"minecraft:time_since_rest":892,"minecraft:interact_with_furnace":7,"minecraft:sprint_one_cm":40985,"minecraft:damage_taken":600,"minecraft:walk_one_cm":27632,"minecraft:mob_kills":9,"minecraft:drop":2,"minecraft:damage_dealt":760,"minecraft:swim_one_cm":40697,"minecraft:interact_with_crafting_table":4,"minecraft:fly_one_cm":137487,"minecraft:open_chest":6,"minecraft:crouch_one_cm":2522,"minecraft:play_time":36377,"minecraft:deaths":1,"minecraft:sneak_time":1739,"minecraft:walk_under_water_one_cm":16171,"minecraft:boat_one_cm":238041,"minecraft:jump":563,"minecraft:leave_game":2,"minecraft:time_since_death":34805,"minecraft:walk_on_water_one_cm":8716,"minecraft:sleep_in_bed":2,"minecraft:total_world_time":36377,"minecraft:fall_one_cm":9209},"minecraft:mined":{"minecraft:furnace":1,"minecraft:iron_ore":6,"minecraft:crafting_table":2,"minecraft:short_grass":4,"minecraft:grass_block":1,"minecraft:oak_log":10,"minecraft:gravel":1,"minecraft:oak_stairs":2,"minecraft:dirt":3,"minecraft:spruce_leaves":1,"minecraft:stone":18},"minecraft:picked_up":{"minecraft:raw_iron":11,"minecraft:crafting_table":2,"minecraft:salmon":2,"minecraft:gravel":1,"minecraft:oak_stairs":1,"minecraft:porkchop":11,"minecraft:oak_log":10,"minecraft:spruce_sapling":1,"minecraft:dirt":4,"minecraft:apple":1,"minecraft:kelp":12,"minecraft:spruce_boat":3,"minecraft:wheat_seeds":1,"minecraft:furnace":1,"minecraft:cobblestone":17,"minecraft:egg":1},"minecraft:killed":{"minecraft:pig":6,"minecraft:salmon":2},"minecraft:dropped":{"minecraft:wheat_seeds":1,"minecraft:spruce_sapling":1},"minecraft:crafted":{"minecraft:oak_planks":16,"minecraft:cooked_porkchop":3,"minecraft:crafting_table":1,"minecraft:stick":8,"minecraft:baked_potato":3,"minecraft:iron_ingot":1,"minecraft:stone_pickaxe":1,"minecraft:wooden_pickaxe":1,"minecraft:wooden_axe":1,"minecraft:furnace":1,"minecraft:bucket":1,"minecraft:air":0},"minecraft:killed_by":{"minecraft:polar_bear":1},"minecraft:used":{"minecraft:spruce_boat":2,"minecraft:wooden_axe":11,"minecraft:water_bucket":18,"minecraft:oak_stairs":1,"minecraft:stone_pickaxe":21,"minecraft:baked_potato":2,"minecraft:wooden_pickaxe":5,"minecraft:salmon":2,"minecraft:dirt":4,"minecraft:crafting_table":2,"minecraft:furnace":2,"minecraft:porkchop":8,"minecraft:bucket":19}},"DataVersion":3953}