{"stats":{"minecraft:custom":{"minecraft:time_since_rest":19136,"minecraft:sprint_one_cm":30676,"minecraft:damage_taken":390,"minecraft:walk_one_cm":15581,"minecraft:mob_kills":5,"minecraft:drop":2,"minecraft:damage_dealt":390,"minecraft:swim_one_cm":39624,"minecraft:interact_with_crafting_table":1,"minecraft:fly_one_cm":125359,"minecraft:open_chest":2,"minecraft:crouch_one_cm":1210,"minecraft:play_time":20447,"minecraft:deaths":1,"minecraft:sneak_time":1321,"minecraft:walk_under_water_one_cm":8948,"minecraft:boat_one_cm":238041,"minecraft:jump":412,"minecraft:leave_game":1,"minecraft:time_since_death":18875,"minecraft:walk_on_water_one_cm":6804,"minecraft:total_world_time":20447,"minecraft:fall_one_cm":7644},"minecraft:mined":{"minecraft:short_grass":4,"minecraft:grass_block":1,"minecraft:oak_log":5,"minecraft:oak_stairs":2,"minecraft:dirt":3,"minecraft:spruce_leaves":1},"minecraft:picked_up":{"minecraft:salmon":2,"minecraft:oak_stairs":1,"minecraft:porkchop":6,"minecraft:oak_log":5,"minecraft:spruce_sapling":1,"minecraft:dirt":4,"minecraft:apple":1,"minecraft:kelp":12,"minecraft:spruce_boat":3,"minecraft:wheat_seeds":1,"minecraft:egg":1},"minecraft:killed":{"minecraft:pig":3,"minecraft:salmon":2},"minecraft:dropped":{"minecraft:wheat_seeds":1,"minecraft:spruce_sapling":1},"minecraft:crafted":{"minecraft:oak_planks":8,"minecraft:crafting_table":1},"minecraft:killed_by":{"minecraft:polar_bear":1},"minecraft:used":{"minecraft:spruce_boat":2,"minecraft:oak_stairs":1,"minecraft:salmon":2,"minecraft:dirt":4,"minecraft:crafting_table":1,"minecraft:porkchop":6}},"DataVersion":3953}