{"stats":{"minecraft:mined":{"minecraft:crafting_table":2,"minecraft:short_grass":4,"minecraft:grass_block":12,"minecraft:spruce_leaves":1,"minecraft:wall_torch":1,"minecraft:furnace":1,"minecraft:iron_ore":6,"minecraft:oak_log":10,"minecraft:oak_stairs":2,"minecraft:dirt":28,"minecraft:gravel":2,"minecraft:sand":1,"minecraft:stone":550},"minecraft:crafted":{"minecraft:oak_planks":40,"minecraft:cooked_porkchop":3,"minecraft:crafting_table":1,"minecraft:wooden_pickaxe":1,"minecraft:baked_potato":3,"minecraft:furnace":1,"minecraft:bucket":1,"minecraft:air":0,"minecraft:diamond_pickaxe":1,"minecraft:shield":1,"minecraft:stick":12,"minecraft:iron_ingot":1,"minecraft:stone_pickaxe":1,"minecraft:wooden_axe":1,"minecraft:torch":16},"minecraft:used":{"minecraft:water_bucket":64,"minecraft:stone_pickaxe":48,"minecraft:baked_potato":3,"minecraft:shield":36,"minecraft:wooden_pickaxe":5,"minecraft:cooked_chicken":2,"minecraft:salmon":2,"minecraft:torch":10,"minecraft:dirt":8,"minecraft:crafting_table":2,"minecraft:carrot":8,"minecraft:spruce_boat":4,"minecraft:wooden_axe":33,"minecraft:diamond_pickaxe":556,"minecraft:apple":1,"minecraft:oak_stairs":1,"minecraft:gravel":1,"minecraft:cobblestone":6,"minecraft:cooked_porkchop":3,"minecraft:furnace":2,"minecraft:porkchop":8,"minecraft:bucket":65,"minecraft:egg":1},"minecraft:custom":{"minecraft:interact_with_furnace":14,"minecraft:mob_kills":25,"minecraft:interact_with_crafting_table":9,"minecraft:leave_game":3,"minecraft:time_since_death":2356,"minecraft:sleep_in_bed":3,"minecraft:time_since_rest":2379,"minecraft:sprint_one_cm":64397,"minecraft:damage_taken":1919,"minecraft:walk_one_cm":109489,"minecraft:damage_blocked_by_shield":2051,"minecraft:drop":17,"minecraft:damage_dealt":3881,"minecraft:swim_one_cm":45354,"minecraft:fly_one_cm":151604,"minecraft:open_chest":15,"minecraft:crouch_one_cm":15319,"minecraft:play_time":67223,"minecraft:deaths":3,"minecraft:sneak_time":5007,"minecraft:walk_under_water_one_cm":39304,"minecraft:boat_one_cm":238041,"minecraft:jump":868,"minecraft:walk_on_water_one_cm":25263,"minecraft:total_world_time":67223,"minecraft:fall_one_cm":14911},"minecraft:picked_up":{"minecraft:wooden_axe":1,"minecraft:crafting_table":4,"minecraft:water_bucket":2,"minecraft:salmon":2,"minecraft:wooden_pickaxe":2,"minecraft:oak_stairs":1,"minecraft:filled_map":1,"minecraft:oak_log":10,"minecraft:shield":2,"minecraft:gunpowder":4,"minecraft:dirt":106,"minecraft:leather_boots":1,"minecraft:bone":26,"minecraft:apple":2,"minecraft:kelp":12,"minecraft:wheat_seeds":1,"minecraft:spruce_planks":6,"minecraft:iron_ingot":2,"minecraft:stone_pickaxe":2,"minecraft:cooked_chicken":3,"minecraft:egg":1,"minecraft:furnace":1,"minecraft:raw_iron":11,"minecraft:torch":29,"minecraft:gravel":2,"minecraft:porkchop":11,"minecraft:sand":3,"minecraft:spruce_sapling":1,"minecraft:grass_block":2,"minecraft:carrot":25,"minecraft:arrow":28,"minecraft:rotten_flesh":4,"minecraft:spruce_boat":6,"minecraft:ender_pearl":1,"minecraft:cobblestone":1457,"minecraft:diamond_pickaxe":2},"minecraft:killed_by":{"minecraft:skeleton":1,"minecraft:polar_bear":1,"minecraft:enderman":1},"minecraft:broken":{"minecraft:leather_boots":1,"minecraft:wooden_axe":1},"minecraft:dropped":{"minecraft:gravel":1,"minecraft:kelp":12,"minecraft:wheat_seeds":1,"minecraft:filled_map":2,"minecraft:spruce_sapling":1},"minecraft:killed":{"minecraft:pig":6,"minecraft:salmon":2,"minecraft:spider":1,"minecraft:skeleton":8,"minecraft:zombie":4,"minecraft:enderman":2}},"DataVersion":3953}