{"stats":{"minecraft:custom":{"minecraft:jump":99,"minecraft:time_since_rest":1136,"minecraft:damage_taken":270,"minecraft:leave_game":1,"minecraft:time_since_death":875,"minecraft:play_time":2447,"minecraft:sprint_one_cm":8231,"minecraft:walk_one_cm":2423,"minecraft:walk_on_water_one_cm":1137,"minecraft:deaths":1,"minecraft:sneak_time":6,"minecraft:total_world_time":2447,"minecraft:walk_under_water_one_cm":637,"minecraft:swim_one_cm":2213,"minecraft:fall_one_cm":1465,"minecraft:fly_one_cm":34025},"minecraft:killed_by":{"minecraft:polar_bear":1}},"DataVersion":3953}