{"stats":{"minecraft:mined":{"minecraft:mossy_cobblestone":1,"minecraft:crafting_table":2,"minecraft:short_grass":4,"minecraft:grass_block":15,"minecraft:cobblestone":4,"minecraft:spruce_leaves":1,"minecraft:wall_torch":1,"minecraft:spawner":1,"minecraft:furnace":1,"minecraft:iron_ore":6,"minecraft:oak_log":10,"minecraft:oak_stairs":2,"minecraft:gravel":2,"minecraft:sand":1,"minecraft:dirt":31,"minecraft:stone":763},"minecraft:crafted":{"minecraft:cherry_planks":20,"minecraft:oak_planks":40,"minecraft:cooked_porkchop":3,"minecraft:diamond_axe":1,"minecraft:crafting_table":1,"minecraft:wooden_pickaxe":1,"minecraft:baked_potato":3,"minecraft:furnace":3,"minecraft:bucket":1,"minecraft:air":0,"minecraft:cherry_trapdoor":2,"minecraft:diamond_pickaxe":1,"minecraft:shield":1,"minecraft:stick":20,"minecraft:cherry_stairs":4,"minecraft:iron_ingot":6,"minecraft:stone_pickaxe":1,"minecraft:wooden_axe":1,"minecraft:cherry_door":3,"minecraft:iron_shovel":1,"minecraft:torch":16,"minecraft:cooked_rabbit":1},"minecraft:used":{"minecraft:water_bucket":213,"minecraft:iron_shovel":5,"minecraft:stone_pickaxe":48,"minecraft:baked_potato":7,"minecraft:wooden_pickaxe":5,"minecraft:shield":47,"minecraft:diamond_axe":12,"minecraft:cooked_chicken":2,"minecraft:salmon":2,"minecraft:torch":18,"minecraft:dirt":22,"minecraft:crafting_table":3,"minecraft:carrot":15,"minecraft:spruce_boat":4,"minecraft:wooden_axe":33,"minecraft:diamond_pickaxe":785,"minecraft:apple":1,"minecraft:cherry_door":1,"minecraft:oak_stairs":1,"minecraft:bread":1,"minecraft:cherry_trapdoor":2,"minecraft:gravel":1,"minecraft:cobblestone":19,"minecraft:potion":1,"minecraft:cherry_stairs":4,"minecraft:porkchop":8,"minecraft:furnace":4,"minecraft:cooked_porkchop":3,"minecraft:cooked_rabbit":1,"minecraft:bucket":214,"minecraft:egg":1,"minecraft:stripped_cherry_log":2,"minecraft:cherry_log":10},"minecraft:custom":{"minecraft:interact_with_furnace":27,"minecraft:mob_kills":28,"minecraft:interact_with_crafting_table":19,"minecraft:leave_game":4,"minecraft:time_since_death":2414,"minecraft:sleep_in_bed":4,"minecraft:time_since_rest":2445,"minecraft:sprint_one_cm":80473,"minecraft:damage_taken":2905,"minecraft:walk_one_cm":152415,"minecraft:damage_blocked_by_shield":2661,"minecraft:drop":20,"minecraft:damage_dealt":4461,"minecraft:swim_one_cm":50685,"minecraft:fly_one_cm":162446,"minecraft:open_chest":23,"minecraft:crouch_one_cm":19276,"minecraft:play_time":111768,"minecraft:deaths":4,"minecraft:sneak_time":7231,"minecraft:walk_under_water_one_cm":152419,"minecraft:boat_one_cm":238041,"minecraft:jump":1071,"minecraft:walk_on_water_one_cm":38433,"minecraft:total_world_time":111768,"minecraft:fall_one_cm":23786},"minecraft:picked_up":{"minecraft:wooden_axe":1,"minecraft:crafting_table":4,"minecraft:water_bucket":3,"minecraft:salmon":2,"minecraft:wooden_pickaxe":3,"minecraft:oak_stairs":1,"minecraft:filled_map":1,"minecraft:stripped_cherry_log":2,"minecraft:oak_log":10,"minecraft:shield":3,"minecraft:gunpowder":8,"minecraft:dirt":153,"minecraft:string":4,"minecraft:lantern":8,"minecraft:leather_boots":1,"minecraft:iron_shovel":1,"minecraft:bone":42,"minecraft:apple":2,"minecraft:kelp":12,"minecraft:wheat_seeds":1,"minecraft:spruce_planks":7,"minecraft:iron_ingot":2,"minecraft:stone_pickaxe":3,"minecraft:cooked_chicken":3,"minecraft:glass_bottle":1,"minecraft:furnace":1,"minecraft:egg":1,"minecraft:raw_iron":11,"minecraft:torch":32,"minecraft:gravel":2,"minecraft:porkchop":11,"minecraft:sand":4,"minecraft:cherry_log":51,"minecraft:spruce_sapling":1,"minecraft:grass_block":4,"minecraft:carrot":25,"minecraft:mossy_cobblestone":2,"minecraft:pumpkin_seeds":4,"minecraft:arrow":44,"minecraft:rotten_flesh":4,"minecraft:spruce_boat":7,"minecraft:diamond_axe":1,"minecraft:baked_potato":5,"minecraft:coal":43,"minecraft:ender_pearl":2,"minecraft:cobblestone":2365,"minecraft:diamond_pickaxe":3},"minecraft:killed_by":{"minecraft:skeleton":1,"minecraft:polar_bear":1,"minecraft:enderman":1},"minecraft:broken":{"minecraft:leather_boots":1,"minecraft:wooden_axe":1},"minecraft:dropped":{"minecraft:gravel":1,"minecraft:kelp":12,"minecraft:wheat_seeds":1,"minecraft:rotten_flesh":2,"minecraft:filled_map":2,"minecraft:gunpowder":2,"minecraft:spruce_sapling":1},"minecraft:killed":{"minecraft:pig":6,"minecraft:salmon":2,"minecraft:spider":2,"minecraft:skeleton":9,"minecraft:zombie":5,"minecraft:enderman":2}},"DataVersion":3953}