{"stats":{"minecraft:crafted":{"minecraft:cherry_planks":44,"minecraft:oak_door":3,"minecraft:oak_planks":140,"minecraft:stone_brick_wall":6,"minecraft:furnace":3,"minecraft:stone_button":6,"minecraft:stone":128,"minecraft:glass_pane":32,"minecraft:oak_trapdoor":14,"minecraft:glass":51,"minecraft:cherry_trapdoor":2,"minecraft:cherry_stairs":4,"minecraft:stone_pickaxe":1,"minecraft:chest":2,"minecraft:stone_bricks":12,"minecraft:oak_fence":6,"minecraft:cherry_fence":3,"minecraft:cooked_rabbit":1,"minecraft:cooked_beef":5,"minecraft:cooked_porkchop":14,"minecraft:diamond_axe":1,"minecraft:crafting_table":1,"minecraft:wooden_pickaxe":1,"minecraft:baked_potato":3,"minecraft:bucket":1,"minecraft:campfire":1,"minecraft:air":0,"minecraft:diamond_pickaxe":1,"minecraft:shield":1,"minecraft:stick":28,"minecraft:iron_ingot":6,"minecraft:oak_stairs":28,"minecraft:wooden_axe":1,"minecraft:cherry_door":3,"minecraft:iron_shovel":1,"minecraft:torch":20},"minecraft:used":{"minecraft:oak_trapdoor":13,"minecraft:oak_fence":5,"minecraft:iron_shovel":148,"minecraft:chest":4,"minecraft:shield":49,"minecraft:stone":104,"minecraft:cooked_chicken":2,"minecraft:oak_door":2,"minecraft:torch":28,"minecraft:dirt":29,"minecraft:carrot":15,"minecraft:spruce_boat":5,"minecraft:glass":23,"minecraft:wooden_axe":33,"minecraft:lantern":9,"minecraft:oak_stairs":33,"minecraft:cherry_trapdoor":2,"minecraft:furnace":6,"minecraft:egg":1,"minecraft:cooked_beef":2,"minecraft:cherry_fence":2,"minecraft:cherry_log":10,"minecraft:water_bucket":229,"minecraft:stone_pickaxe":48,"minecraft:baked_potato":11,"minecraft:wooden_pickaxe":5,"minecraft:diamond_axe":136,"minecraft:salmon":2,"minecraft:crafting_table":4,"minecraft:campfire":1,"minecraft:stone_brick_wall":2,"minecraft:oak_log":24,"minecraft:diamond_pickaxe":981,"minecraft:apple":1,"minecraft:cherry_door":1,"minecraft:bread":1,"minecraft:stone_button":6,"minecraft:gravel":1,"minecraft:cobblestone":20,"minecraft:potion":1,"minecraft:cherry_stairs":4,"minecraft:porkchop":8,"minecraft:cooked_porkchop":8,"minecraft:cooked_rabbit":1,"minecraft:bucket":230,"minecraft:glass_pane":31,"minecraft:stripped_cherry_log":2},"minecraft:dropped":{"minecraft:wheat_seeds":1,"minecraft:cooked_beef":3,"minecraft:dirt":81,"minecraft:sand":1,"minecraft:cherry_door":3,"minecraft:spruce_sapling":1,"minecraft:gravel":1,"minecraft:kelp":12,"minecraft:rotten_flesh":2,"minecraft:filled_map":2,"minecraft:stone":6,"minecraft:gunpowder":2,"minecraft:cherry_fence":3},"minecraft:custom":{"minecraft:mob_kills":40,"minecraft:interact_with_crafting_table":46,"minecraft:leave_game":6,"minecraft:time_since_death":90071,"minecraft:sprint_one_cm":239266,"minecraft:walk_one_cm":356624,"minecraft:damage_blocked_by_shield":2781,"minecraft:drop":35,"minecraft:play_time":214001,"minecraft:deaths":5,"minecraft:sneak_time":14279,"minecraft:walk_under_water_one_cm":189536,"minecraft:boat_one_cm":241155,"minecraft:jump":2236,"minecraft:walk_on_water_one_cm":50764,"minecraft:total_world_time":214001,"minecraft:interact_with_furnace":67,"minecraft:sleep_in_bed":5,"minecraft:time_since_rest":89959,"minecraft:damage_taken":3530,"minecraft:damage_dealt":6142,"minecraft:swim_one_cm":54384,"minecraft:fly_one_cm":365982,"minecraft:open_chest":55,"minecraft:crouch_one_cm":43459,"minecraft:fall_one_cm":44952},"minecraft:broken":{"minecraft:shield":1,"minecraft:leather_boots":1,"minecraft:wooden_axe":1},"minecraft:picked_up":{"minecraft:wooden_axe":1,"minecraft:crafting_table":5,"minecraft:wooden_pickaxe":4,"minecraft:oak_stairs":10,"minecraft:stone_brick_wall":4,"minecraft:stripped_cherry_log":14,"minecraft:shield":4,"minecraft:string":6,"minecraft:iron_shovel":2,"minecraft:spruce_planks":8,"minecraft:beef":5,"minecraft:chest":2,"minecraft:furnace":3,"minecraft:egg":1,"minecraft:stick":3,"minecraft:raw_iron":11,"minecraft:stone":8,"minecraft:oak_door":2,"minecraft:torch":45,"minecraft:porkchop":22,"minecraft:cherry_log":91,"minecraft:carrot":25,"minecraft:arrow":62,"minecraft:rotten_flesh":4,"minecraft:cobblestone":3206,"minecraft:stripped_oak_log":2,"minecraft:cooked_beef":6,"minecraft:cherry_planks":2,"minecraft:water_bucket":4,"minecraft:salmon":2,"minecraft:leather":5,"minecraft:filled_map":1,"minecraft:oak_log":59,"minecraft:cherry_fence":11,"minecraft:gunpowder":10,"minecraft:cherry_door":7,"minecraft:dirt":373,"minecraft:lantern":22,"minecraft:leather_boots":1,"minecraft:glass":115,"minecraft:bone":59,"minecraft:apple":2,"minecraft:stone_bricks":6,"minecraft:kelp":12,"minecraft:wheat_seeds":1,"minecraft:iron_ingot":2,"minecraft:stone_pickaxe":4,"minecraft:cooked_chicken":3,"minecraft:glass_bottle":2,"minecraft:gravel":2,"minecraft:sand":159,"minecraft:spruce_sapling":1,"minecraft:grass_block":6,"minecraft:mossy_cobblestone":3,"minecraft:pumpkin_seeds":6,"minecraft:spruce_boat":9,"minecraft:diamond_axe":2,"minecraft:baked_potato":8,"minecraft:coal":61,"minecraft:diamond_pickaxe":4,"minecraft:ender_pearl":3},"minecraft:killed":{"minecraft:spider":2,"minecraft:skeleton":11,"minecraft:drowned":1,"minecraft:pig":11,"minecraft:salmon":2,"minecraft:zombie":6,"minecraft:enderman":2,"minecraft:cow":3},"minecraft:killed_by":{"minecraft:polar_bear":1,"minecraft:enderman":1,"minecraft:skeleton":1},"minecraft:mined":{"minecraft:mossy_cobblestone":1,"minecraft:oak_door":1,"minecraft:stripped_cherry_log":6,"minecraft:cherry_trapdoor":2,"minecraft:grass_block":28,"minecraft:spruce_leaves":1,"minecraft:spawner":1,"minecraft:furnace":3,"minecraft:iron_ore":6,"minecraft:oak_stairs":11,"minecraft:stripped_oak_log":1,"minecraft:stone":942,"minecraft:cherry_stairs":3,"minecraft:glass_pane":19,"minecraft:crafting_table":3,"minecraft:short_grass":4,"minecraft:chest":2,"minecraft:glass":8,"minecraft:cobblestone":5,"minecraft:wall_torch":8,"minecraft:cherry_fence":2,"minecraft:cherry_door":1,"minecraft:coal_ore":12,"minecraft:oak_log":60,"minecraft:gravel":2,"minecraft:sand":142,"minecraft:dirt":75,"minecraft:oak_leaves":2}},"DataVersion":3953}