{"stats":{"minecraft:custom":{"minecraft:time_since_rest":8700,"minecraft:interact_with_furnace":14,"minecraft:sprint_one_cm":44989,"minecraft:damage_taken":610,"minecraft:walk_one_cm":42505,"minecraft:mob_kills":9,"minecraft:drop":17,"minecraft:damage_dealt":760,"minecraft:interact_with_crafting_table":7,"minecraft:swim_one_cm":40697,"minecraft:fly_one_cm":142995,"minecraft:open_chest":12,"minecraft:crouch_one_cm":5628,"minecraft:play_time":44185,"minecraft:deaths":1,"minecraft:sneak_time":2760,"minecraft:walk_under_water_one_cm":16171,"minecraft:boat_one_cm":238041,"minecraft:jump":682,"minecraft:leave_game":3,"minecraft:time_since_death":42613,"minecraft:walk_on_water_one_cm":8773,"minecraft:sleep_in_bed":2,"minecraft:total_world_time":44185,"minecraft:fall_one_cm":12019},"minecraft:mined":{"minecraft:furnace":1,"minecraft:iron_ore":6,"minecraft:crafting_table":2,"minecraft:short_grass":4,"minecraft:grass_block":1,"minecraft:oak_log":10,"minecraft:oak_stairs":2,"minecraft:gravel":2,"minecraft:dirt":3,"minecraft:spruce_leaves":1,"minecraft:stone":18},"minecraft:picked_up":{"minecraft:crafting_table":2,"minecraft:raw_iron":11,"minecraft:salmon":2,"minecraft:filled_map":1,"minecraft:oak_stairs":1,"minecraft:gravel":2,"minecraft:porkchop":11,"minecraft:oak_log":10,"minecraft:spruce_sapling":1,"minecraft:dirt":4,"minecraft:apple":1,"minecraft:kelp":12,"minecraft:spruce_boat":3,"minecraft:wheat_seeds":1,"minecraft:cooked_chicken":2,"minecraft:cobblestone":17,"minecraft:furnace":1,"minecraft:egg":1},"minecraft:killed":{"minecraft:pig":6,"minecraft:salmon":2},"minecraft:dropped":{"minecraft:filled_map":2,"minecraft:gravel":1,"minecraft:kelp":12,"minecraft:wheat_seeds":1,"minecraft:spruce_sapling":1},"minecraft:crafted":{"minecraft:oak_planks":40,"minecraft:cooked_porkchop":3,"minecraft:shield":1,"minecraft:crafting_table":1,"minecraft:stick":8,"minecraft:baked_potato":3,"minecraft:wooden_pickaxe":1,"minecraft:iron_ingot":1,"minecraft:stone_pickaxe":1,"minecraft:wooden_axe":1,"minecraft:furnace":1,"minecraft:bucket":1,"minecraft:air":0},"minecraft:killed_by":{"minecraft:polar_bear":1},"minecraft:used":{"minecraft:spruce_boat":2,"minecraft:wooden_axe":11,"minecraft:water_bucket":20,"minecraft:stone_pickaxe":21,"minecraft:oak_stairs":1,"minecraft:baked_potato":3,"minecraft:wooden_pickaxe":5,"minecraft:gravel":1,"minecraft:salmon":2,"minecraft:dirt":4,"minecraft:crafting_table":2,"minecraft:cooked_porkchop":1,"minecraft:furnace":2,"minecraft:porkchop":8,"minecraft:bucket":21,"minecraft:egg":1}},"DataVersion":3953}