{"stats":{"minecraft:mined":{"minecraft:mossy_cobblestone":1,"minecraft:crafting_table":2,"minecraft:short_grass":4,"minecraft:grass_block":15,"minecraft:cobblestone":2,"minecraft:spruce_leaves":1,"minecraft:wall_torch":1,"minecraft:spawner":1,"minecraft:furnace":1,"minecraft:iron_ore":6,"minecraft:oak_log":10,"minecraft:oak_stairs":2,"minecraft:dirt":31,"minecraft:gravel":2,"minecraft:sand":1,"minecraft:stone":763},"minecraft:crafted":{"minecraft:cherry_planks":12,"minecraft:oak_planks":40,"minecraft:cooked_porkchop":3,"minecraft:diamond_axe":1,"minecraft:crafting_table":1,"minecraft:wooden_pickaxe":1,"minecraft:baked_potato":3,"minecraft:furnace":1,"minecraft:bucket":1,"minecraft:air":0,"minecraft:diamond_pickaxe":1,"minecraft:shield":1,"minecraft:stick":16,"minecraft:cherry_stairs":4,"minecraft:iron_ingot":6,"minecraft:stone_pickaxe":1,"minecraft:wooden_axe":1,"minecraft:iron_shovel":1,"minecraft:torch":16,"minecraft:cooked_rabbit":1},"minecraft:used":{"minecraft:water_bucket":174,"minecraft:iron_shovel":5,"minecraft:stone_pickaxe":48,"minecraft:baked_potato":6,"minecraft:shield":47,"minecraft:wooden_pickaxe":5,"minecraft:cooked_chicken":2,"minecraft:salmon":2,"minecraft:torch":18,"minecraft:dirt":22,"minecraft:crafting_table":2,"minecraft:carrot":15,"minecraft:spruce_boat":4,"minecraft:wooden_axe":33,"minecraft:diamond_pickaxe":783,"minecraft:apple":1,"minecraft:oak_stairs":1,"minecraft:gravel":1,"minecraft:cobblestone":19,"minecraft:cooked_porkchop":3,"minecraft:furnace":2,"minecraft:porkchop":8,"minecraft:cooked_rabbit":1,"minecraft:bucket":174,"minecraft:egg":1},"minecraft:custom":{"minecraft:interact_with_furnace":21,"minecraft:mob_kills":27,"minecraft:interact_with_crafting_table":13,"minecraft:leave_game":3,"minecraft:time_since_death":26356,"minecraft:sleep_in_bed":4,"minecraft:time_since_rest":15978,"minecraft:sprint_one_cm":71737,"minecraft:damage_taken":2335,"minecraft:walk_one_cm":134183,"minecraft:damage_blocked_by_shield":2661,"minecraft:drop":20,"minecraft:damage_dealt":4301,"minecraft:swim_one_cm":48267,"minecraft:fly_one_cm":156111,"minecraft:open_chest":22,"minecraft:crouch_one_cm":17690,"minecraft:play_time":91223,"minecraft:deaths":3,"minecraft:sneak_time":6261,"minecraft:walk_under_water_one_cm":114837,"minecraft:boat_one_cm":238041,"minecraft:jump":948,"minecraft:walk_on_water_one_cm":30781,"minecraft:total_world_time":91223,"minecraft:fall_one_cm":16622},"minecraft:picked_up":{"minecraft:wooden_axe":1,"minecraft:crafting_table":4,"minecraft:water_bucket":2,"minecraft:salmon":2,"minecraft:wooden_pickaxe":2,"minecraft:oak_stairs":1,"minecraft:filled_map":1,"minecraft:oak_log":10,"minecraft:shield":2,"minecraft:gunpowder":6,"minecraft:dirt":112,"minecraft:leather_boots":1,"minecraft:bone":28,"minecraft:apple":2,"minecraft:kelp":12,"minecraft:wheat_seeds":1,"minecraft:spruce_planks":6,"minecraft:iron_ingot":2,"minecraft:stone_pickaxe":2,"minecraft:cooked_chicken":3,"minecraft:egg":1,"minecraft:furnace":1,"minecraft:raw_iron":11,"minecraft:torch":31,"minecraft:gravel":2,"minecraft:porkchop":11,"minecraft:sand":3,"minecraft:spruce_sapling":1,"minecraft:grass_block":2,"minecraft:carrot":25,"minecraft:mossy_cobblestone":1,"minecraft:pumpkin_seeds":2,"minecraft:arrow":29,"minecraft:rotten_flesh":4,"minecraft:spruce_boat":6,"minecraft:ender_pearl":1,"minecraft:cobblestone":1683,"minecraft:diamond_pickaxe":2},"minecraft:killed_by":{"minecraft:skeleton":1,"minecraft:polar_bear":1,"minecraft:enderman":1},"minecraft:broken":{"minecraft:leather_boots":1,"minecraft:wooden_axe":1},"minecraft:dropped":{"minecraft:gravel":1,"minecraft:kelp":12,"minecraft:wheat_seeds":1,"minecraft:rotten_flesh":2,"minecraft:filled_map":2,"minecraft:gunpowder":2,"minecraft:spruce_sapling":1},"minecraft:killed":{"minecraft:pig":6,"minecraft:salmon":2,"minecraft:spider":1,"minecraft:skeleton":9,"minecraft:zombie":5,"minecraft:enderman":2}},"DataVersion":3953}