{"stats":{"minecraft:mined":{"minecraft:mossy_cobblestone":1,"minecraft:stripped_cherry_log":6,"minecraft:cherry_trapdoor":2,"minecraft:grass_block":25,"minecraft:spruce_leaves":1,"minecraft:spawner":1,"minecraft:furnace":1,"minecraft:iron_ore":6,"minecraft:oak_stairs":5,"minecraft:stone":764,"minecraft:cherry_stairs":3,"minecraft:crafting_table":2,"minecraft:short_grass":4,"minecraft:cobblestone":5,"minecraft:wall_torch":3,"minecraft:cherry_fence":2,"minecraft:cherry_door":1,"minecraft:oak_log":60,"minecraft:gravel":2,"minecraft:sand":18,"minecraft:dirt":72,"minecraft:oak_leaves":2},"minecraft:crafted":{"minecraft:cherry_planks":44,"minecraft:oak_door":3,"minecraft:oak_planks":92,"minecraft:stone_brick_wall":6,"minecraft:furnace":3,"minecraft:stone":128,"minecraft:oak_trapdoor":2,"minecraft:cherry_trapdoor":2,"minecraft:cherry_stairs":4,"minecraft:stone_pickaxe":1,"minecraft:chest":2,"minecraft:stone_bricks":12,"minecraft:oak_fence":3,"minecraft:cherry_fence":3,"minecraft:cooked_rabbit":1,"minecraft:cooked_porkchop":3,"minecraft:diamond_axe":1,"minecraft:crafting_table":1,"minecraft:wooden_pickaxe":1,"minecraft:baked_potato":3,"minecraft:bucket":1,"minecraft:campfire":1,"minecraft:air":0,"minecraft:diamond_pickaxe":1,"minecraft:shield":1,"minecraft:stick":24,"minecraft:iron_ingot":6,"minecraft:wooden_axe":1,"minecraft:oak_stairs":20,"minecraft:iron_shovel":1,"minecraft:cherry_door":3,"minecraft:torch":16},"minecraft:used":{"minecraft:oak_trapdoor":2,"minecraft:oak_fence":2,"minecraft:iron_shovel":22,"minecraft:chest":2,"minecraft:shield":49,"minecraft:stone":94,"minecraft:cooked_chicken":2,"minecraft:oak_door":1,"minecraft:torch":23,"minecraft:dirt":26,"minecraft:carrot":15,"minecraft:spruce_boat":4,"minecraft:wooden_axe":33,"minecraft:lantern":2,"minecraft:oak_stairs":22,"minecraft:cherry_trapdoor":2,"minecraft:furnace":4,"minecraft:egg":1,"minecraft:cherry_fence":2,"minecraft:cherry_log":10,"minecraft:water_bucket":219,"minecraft:stone_pickaxe":48,"minecraft:baked_potato":11,"minecraft:wooden_pickaxe":5,"minecraft:diamond_axe":104,"minecraft:salmon":2,"minecraft:crafting_table":3,"minecraft:campfire":1,"minecraft:stone_brick_wall":2,"minecraft:oak_log":16,"minecraft:diamond_pickaxe":787,"minecraft:apple":1,"minecraft:cherry_door":1,"minecraft:bread":1,"minecraft:gravel":1,"minecraft:cobblestone":20,"minecraft:potion":1,"minecraft:cherry_stairs":4,"minecraft:cooked_porkchop":3,"minecraft:porkchop":8,"minecraft:cooked_rabbit":1,"minecraft:bucket":220,"minecraft:stripped_cherry_log":2},"minecraft:custom":{"minecraft:mob_kills":31,"minecraft:interact_with_crafting_table":32,"minecraft:leave_game":4,"minecraft:time_since_death":23838,"minecraft:sprint_one_cm":121125,"minecraft:walk_one_cm":205679,"minecraft:damage_blocked_by_shield":2781,"minecraft:drop":31,"minecraft:play_time":147768,"minecraft:deaths":5,"minecraft:sneak_time":10702,"minecraft:walk_under_water_one_cm":185460,"minecraft:boat_one_cm":238041,"minecraft:jump":1382,"minecraft:walk_on_water_one_cm":44952,"minecraft:total_world_time":147768,"minecraft:interact_with_furnace":41,"minecraft:sleep_in_bed":5,"minecraft:time_since_rest":23726,"minecraft:damage_taken":3275,"minecraft:damage_dealt":5052,"minecraft:swim_one_cm":51393,"minecraft:fly_one_cm":188274,"minecraft:open_chest":31,"minecraft:crouch_one_cm":30732,"minecraft:fall_one_cm":27039},"minecraft:picked_up":{"minecraft:wooden_axe":1,"minecraft:crafting_table":4,"minecraft:wooden_pickaxe":4,"minecraft:oak_stairs":4,"minecraft:stripped_cherry_log":8,"minecraft:shield":4,"minecraft:string":4,"minecraft:iron_shovel":2,"minecraft:spruce_planks":7,"minecraft:egg":1,"minecraft:furnace":1,"minecraft:raw_iron":11,"minecraft:stick":3,"minecraft:stone":2,"minecraft:torch":40,"minecraft:porkchop":11,"minecraft:cherry_log":51,"minecraft:carrot":25,"minecraft:arrow":60,"minecraft:rotten_flesh":4,"minecraft:cobblestone":2367,"minecraft:water_bucket":4,"minecraft:salmon":2,"minecraft:filled_map":1,"minecraft:oak_log":59,"minecraft:cherry_fence":5,"minecraft:gunpowder":8,"minecraft:cherry_door":4,"minecraft:dirt":284,"minecraft:lantern":16,"minecraft:leather_boots":1,"minecraft:bone":43,"minecraft:apple":2,"minecraft:kelp":12,"minecraft:wheat_seeds":1,"minecraft:iron_ingot":2,"minecraft:stone_pickaxe":4,"minecraft:cooked_chicken":3,"minecraft:glass_bottle":1,"minecraft:gravel":2,"minecraft:sand":22,"minecraft:spruce_sapling":1,"minecraft:grass_block":4,"minecraft:mossy_cobblestone":2,"minecraft:pumpkin_seeds":4,"minecraft:spruce_boat":8,"minecraft:diamond_axe":2,"minecraft:baked_potato":8,"minecraft:coal":43,"minecraft:diamond_pickaxe":4,"minecraft:ender_pearl":3},"minecraft:killed_by":{"minecraft:polar_bear":1,"minecraft:enderman":1,"minecraft:skeleton":1},"minecraft:broken":{"minecraft:shield":1,"minecraft:leather_boots":1,"minecraft:wooden_axe":1},"minecraft:dropped":{"minecraft:wheat_seeds":1,"minecraft:dirt":80,"minecraft:sand":1,"minecraft:cherry_door":3,"minecraft:spruce_sapling":1,"minecraft:gravel":1,"minecraft:kelp":12,"minecraft:rotten_flesh":2,"minecraft:filled_map":2,"minecraft:gunpowder":2},"minecraft:killed":{"minecraft:spider":2,"minecraft:skeleton":10,"minecraft:drowned":1,"minecraft:pig":6,"minecraft:salmon":2,"minecraft:zombie":6,"minecraft:enderman":2}},"DataVersion":3953}